id,name,review_count,rating,latitude,longitude,price,zip_code,is_black_owned
quuV34VlUSjFaFWzFDWavw,Jacoby's German Biergarten,285,4.0,42.33229,-83.04208,$$,48226,1
ngur8BN72eO8vh17hW80dg,Sweetwater Tavern,584,3.5,42.33167,-83.04163,$$,48226,1
fJ-g62WpfeNbR4qv7qAawA,Niki's Pizza,251,3.5,42.33372,-83.042,$$,48226,1
Uwo_Nx_2WDvGF9SwVMlEAg,Detroiter Bar,102,4.0,42.33292,-83.0413,$,48226,1
G28_p5q7RnAbeJnIc-XQww,Floods Bar & Grille,136,3.5,42.33418,-83.04006,$$,48226,1
VOjmQVpCLjRlOkGtLDLFYQ,The Elephant Room,65,4.0,42.33242,-83.04129,NA,48226,1
ADi8SOow2XPid6NfR98lGQ,Pegasus Taverna - Greektown,538,3.5,42.33511,-83.0418,$$,48226,1
DGKGnFBhBbT2ZG6Tw4MeSQ,Red Smoke Barbecue,529,3.5,42.3355,-83.0412,$$,48226,1
o2yrWVcAqSInuLua4UkK4A,Loco's Tex-Mex Grille,168,2.5,42.33376,-83.04207,$$,48226,1
Y-b2ciCZx3B66e3jzwM58w,The Clique Restaurant,162,4.5,42.33324,-83.03345,$,48207,1
fvq6GctVWHECsH3Qr7Cy0w,Grand Trunk Pub,583,3.5,42.33064,-83.04554,$$,48226,1
UB69uSqkwjTKMuGbWEqs5w,Basement Burger Bar,268,4.0,42.33544,-83.04415,$$,48226,1
KGflsQO1qzh5V5QfwaDekw,Central Kitchen + Bar,384,3.5,42.3309,-83.04537,$$,48226,1
4in-S0PWC_ESuyWRCySiAQ,Nathan's Deli,22,4.0,42.33172,-83.03849,$,48226,1
RMNdJkdMe7jGMQC0ckBlrg,Prism,90,4.0,42.33451,-83.04123,$$$,48226,1
15OGyKpAqgAJjlXIQUdpqQ,Firebird Tavern,191,4.0,42.33471,-83.04328,$$,48226,1
gpOKnMXXiRemJf8x0-oHqg,Townhouse,911,3.0,42.33024,-83.04533,$$$,48226,1
2ylCgYyEDEVzI0Hve5uggQ,Wahlburgers,497,3.0,42.3356,-83.04142,$$,48226,1
kgXy9XwRanK8mfOuxQP1gA,Besa,163,4.0,42.33052,-83.04533,$$$,48226,0
gwp2wEKZXfWGxnLJKO5bgQ,Golden Fleece Restaurant,285,3.5,42.33526,-83.04214,$$,48226,1
NJsDmNXS5c_V5_0pxW0UPg,Fishbone's,564,3.0,42.33448,-83.04335,$$,48226,1
A_yrbQxH-SZ8wLm9NWkQPg,Highlands,143,4.0,42.32987,-83.04045,$$$$,48243,0
QVcN7M8GiXUICGLwO2IZjQ,Checker Bar,146,4.0,42.33129,-83.04405,$,48226,0
2Sa8uYj52lHah_NvBkkeew,The Greek,87,4.0,42.33538,-83.04194,$$,48226,0
R5OtDkJ4wzkJyPXxrzG7cg,Ham Shop Cafe,113,4.0,42.33399,-83.04427,$,48226,0
M5UMOhLFzoF8GxMve9sErA,Eat-N-Out Pizza & Gelato,64,4.0,42.33515,-83.0421,$,48226,0
3QMhnxYleG43BLS86ltP1g,Orchid Thai Restaurant,118,3.5,42.33362,-83.04537,$,48226,0
CczeReC8hCs-0l1_8sIVgw,Cadillac Square Diner,82,4.0,42.33196,-83.04416,$,48226,0
0ojoJyFzvm_yFLzGuc9uMQ,IHOP,39,2.5,42.33051,-83.04165,$$,48226,0
9LDcEENmYP6wi1WUppsbtw,Lunchtime Global,63,4.0,42.33098,-83.04539,$,48226,0
TfuX0QpF1s3uShFc7uj5Zw,Bangkok Crossing,109,3.5,42.3307,-83.04565,$,48226,0
I_0s7MUalZUap1BmAj7Mtg,Harbor House,218,3.0,42.33593,-83.04397,$$,48226,0
4sPVal9E0yUjumVIN32hEw,The Old Shillelagh,191,3.0,42.33449,-83.04398,$$,48226,0
loPaqMh6pX9PWTyPnpFaJw,Applebee's Bar + Grill,41,3.0,42.33051,-83.04165,NA,48226,0
Dpukh89ld6B_F2cLh46gag,Mr. Kabob Xpress,76,3.5,42.33379,-83.04523,$,48226,0
ujOTFNtrW-6oO02KfAHZ1Q,Minnie's Detroit,7,3.5,42.33178,-83.03939,NA,48226,0
JFEL1934mhmjtMWsf7nhdA,Bistro 555,76,2.5,42.33451,-83.04123,$$,48226,0
T-6RpIP81phE4svW2DWvPA,Volt,83,3.0,42.32876,-83.04026,$$,48243,0
hWWPnAgK2rcAjW2VKTtjaA,Gourmet Deli,10,4.5,42.33024,-83.03852,$,48243,0
PYGIPtijkfezc11XeS1LyA,Level Two Bar & Rooftop,129,2.5,42.33536,-83.04192,$$,48226,0
gcu6m_o-g3mnuRSZ_hbq-g,The Baltimore,48,3.5,42.3345,-83.04497,$,48226,0
34VcpDU72IPQrKXjlnvC_g,Shredderz Food Truck,20,4.5,42.37384,-83.135,$,48204,0
M0VRYr5EaeCWdx8dTLAeJg,Delmar,43,3.0,42.33513,-83.04239,NA,48226,0
FnOkWXk-WLlrimm7xlmRNQ,Delectabowl Food Truck & Catering,29,4.0,42.46085,-83.11274,$,48220,0
byVhTxgjRwLZ9dh2RKvvfw,Buffalo Wild Wings,201,2.0,42.33431,-83.04473,$$,48226,0
N7_qklWP7ykevBCatOQPPA,Hearth 71,9,4.5,42.33006,-83.03992,NA,48243,0
WYXAGfpqLu7x-YyEGbrBpA,Woodward Coney Restaurant,32,3.5,42.33067,-83.04555,$,48226,0
cBkQjZjXyEWDcVxdGbNW0Q,Salsarita's Fresh Mexican Grill,19,3.5,42.32946,-83.0403,$,48243,0
FNLkG-vjoCDOwC9x8G-69g,Esto's Garage,5,5.0,42.33143,-83.04575,NA,48209,0
iomqeStAK1zbNTSzWu9mgA,Potbelly Sandwich Shop,31,3.0,42.3289,-83.03844,$,48243,0
HYrqw4xlLCNDptBHGrTIbQ,Dime Store,1605,4.5,42.33081,-83.04799,$$,48226,1
NcM6ASYzFMDN366FsuBTVw,Green Dot Stables,1948,4.0,42.32187,-83.07144,$,48216,1
4p1bXdMdETmyU5qhzFxNxw,Selden Standard,1165,4.5,42.34779,-83.06499,$$,48201,1
Xm2A4Xyd-dw4x86qZCV3hw,Chartreuse,730,4.5,42.36054,-83.06595,$$$,48202,1
W8sLqrbS-ZxIuEuQbjAIrw,Slows Bar BQ,2110,4.0,42.3316,-83.07595,$$,48216,1
8ctLeteWujq_EfH2lRSTAw,Supino Pizzeria,924,4.5,42.34548,-83.04006,$$,48207,1
7ArIKwojlm_Yca29HnGDfQ,Wright & Company,926,4.5,42.33523,-83.04902,$$$,48226,1
YqmsCvd3w0RxEiAcYGj64w,Mudgie's Deli & Wine Shop,920,4.5,42.32912,-83.06206,$$,48226,1
x7bzkyPv0pf8mmp4BaexZQ,Lafayette Coney Island,1000,4.0,42.3315,-83.04886,$,48226,1
UdO_uBm3sIM5DwaE8XIpbg,Grey Ghost Detroit,826,4.0,42.34517,-83.05552,$$$,48201,1
3Nbs9f7DxP3siSu1pjLj1w,Takoi,601,4.5,42.33164,-83.08083,$$,48216,1
Qn3BDpni0V2vtp9P0-85BQ,Taqueria El Rey,432,4.5,42.31903,-83.09918,$,48209,1
WFtnK-JJnoVHtbMAQW7tNg,The Hudson Cafe,1095,4.0,42.33336,-83.0485,$$,48226,1
YtWT6_MKURJKEpNKbO-nzg,ima,526,4.5,42.33114,-83.07376,$$,48216,1
gL6l1EqphkyLqER5lgmReg,Standby,564,4.5,42.33448,-83.04611,$$,48226,1
65pRcC4awElAnzH4io9Chw,Batch Brewing Company,430,4.5,42.32834,-83.06329,$$,48216,1
ngu3My-XGzNNL7Bxul5ulQ,Ottava Via,720,4.0,42.33172,-83.0657,$$,48216,1
WiKKNXaHC4Zino2A1m3ftQ,Royale with Cheese,573,4.0,42.35034,-83.06341,$$,48201,1
oeomzExb17rIkur7hNK-HQ,Vicente's Cuban Cuisine,849,4.0,42.33447,-83.04708,$$,48226,1
DuFQa_-drBCwMRGsMzMPsQ,Pie Sci,267,4.5,42.35396,-83.08003,$$,48208,1
CnCpxcw9r6lgKDk4br8TKA,Bakersfield,587,4.0,42.34518,-83.05572,$$,48201,1
JoZ0n3kkbSuGr4Xemig0mA,Motor City Brewing Works-Canfield,515,4.0,42.35176,-83.06602,$$,48201,1
kLwuEacC69wf8aVAa0BojA,Taqueria Mi Pueblo,543,4.0,42.31709,-83.12419,$,48209,1
qa70o0JbMVMQJf4fvWiZaw,Johnny Noodle King,762,4.0,42.31885,-83.07437,$$,48216,1
TUR6H5mBXMDGt3qjv5sekg,Buddy's Pizza,284,4.5,42.41897,-83.06405,$$,48212,1
bXr2fXKhEOJqm3EPdTJMCw,Avalon International Breads,334,4.5,42.35041,-83.06408,$,48201,1
jDHPcMstUfhnbp-4dVm7YQ,SavannahBlue,500,4.0,42.33419,-83.05233,$$,48226,1
RvZGz_qp8JWfG27vI-TnBQ,Mercury Burger Bar,758,4.0,42.33116,-83.07614,$$,48216,1
2sIc82MtKcAjx7oW3b6sqA,Andiamo,621,4.0,42.32823,-83.03966,$$$,48243,1
PyWdjQkGTkOcprSk3WRFNw,Honey Bee La Colmena,233,4.5,42.32564,-83.07651,$,48216,1
-rc4wleX8H706sc8D8wU2Q,Chili Mustard Onions,230,4.5,42.34767,-83.05283,$$,48201,1
66OeH9RD62D3bXbqefjYvw,Giovanni's Ristorante,305,4.5,42.29032,-83.14591,$$$,48217,1
T6Zl8NssV2qy8Vn9c9ueDQ,Bobcat Bonnie's,594,4.0,42.33154,-83.07074,$$,48216,1
DsXh8jluV0BaSkVhxQre8Q,SheWolf Pastificio & Bar,378,4.0,42.34795,-83.0627,$$$,48201,1
FyEORWCcFAy3VCeixbU2VQ,Parc,730,4.0,42.33142,-83.04686,$$$,48226,1
ZrThFosYNhJmoMx0FI8P3A,Joe Muer Seafood,693,4.0,42.32795,-83.04014,$$$,48243,1
unpNAU7aIF11_VQvZXUOWg,The Apparatus Room,629,4.0,42.32816,-83.04851,$$$,48226,1
5hGsCVDQ_Iz6997CXG3amw,Roasting Plant Detroit,304,4.5,42.33111,-83.0461,$,48226,1
k5gw_iV5voifCSsSn6d1_w,Pupusería y Restaurante Salvadoreño,234,4.5,42.32485,-83.11624,$,48210,1
YPW37XWMlTZx3y7r80o8rA,Urban Ramen,603,4.0,42.35187,-83.0608,$$,48201,1
-mguM6V0E2XTx3A1qBLSyw,Baobab Fare,109,5.0,42.37001,-83.07294,$$,48202,1
n_QyiAUeW8cVNfVvA3GpdQ,Vertical Detroit,387,4.0,42.33633,-83.04716,$$$,48226,1
4U4GNiJgT4laE9VHmodvJA,Marrow,239,4.5,42.35852,-82.99882,$$$$,48214,1
k709nmOjGp29Y_NNqXPV9Q,HopCat,764,3.5,42.35244,-83.06161,$$,48201,1
2vPro9dmObwcWcs4gdU_3w,El Barzon,471,4.0,42.33092,-83.11107,$$,48210,1
le3t2klC9l-Xc3Uym0i6GA,Cornerstone Barrel House,279,4.5,42.33502,-83.04883,$$,48226,1
lZyf7m2XxI5b3YM0vOLCXw,Maru Sushi & Grill Detroit,439,4.0,42.33059,-83.04832,$$,48226,1
q2BSrIE_FQjQGtw6_N5C5Q,La Feria,383,4.0,42.3502,-83.06276,$$,48201,1
KYoip_XCktFrFQl6pNS8Vw,Jolly Pumpkin Pizzeria and Brewery- Detroit,463,4.0,42.35126,-83.06525,$$,48201,1
QUPAXavtWd6LKnvsWV6ywQ,Detroit Shipping Company,323,4.0,42.34402,-83.06146,$$,48201,1
DyuNFX-RbclTBBJk9LUyTw,Cannelle Matt Knio,169,4.5,42.33364,-83.04952,NA,48228,1
PWkqo_whZ0qhLTpLsi5xjw,Mootz Pizzeria + Bar,276,4.0,42.33443,-83.04693,$$,48226,1
A7qhrIwaUgdwcLD44JY5XA,San Morello,419,4.0,42.33439,-83.04848,$$$,48226,1
Uybwrt93KQuC_bkM7v6L3g,Texas de Brazil,595,3.5,42.3324,-83.04702,$$$,48226,1
iqHPET9Z17ugMjorPyDfIw,The London Chop House,313,4.0,42.32927,-83.0476,$$$$,48226,0
bcpTLnLbpf711AuBxO_mLQ,Prime and Proper,476,3.5,42.33229,-83.04931,$$$$,48226,0
8I1Ja8TbfEN0UOWocP0usA,Cliff Bell's,584,3.5,42.33681,-83.05272,$$,48226,0
9zI10-FuCxKqd0FAHwUFRA,Lumen Detroit,365,4.0,42.33452,-83.05469,$$,48226,0
dwoSwJ1MkLjCgoy2adC1UQ,Downtown Louie's,279,4.0,42.33488,-83.05014,$$,48226,0
zZldbS9xvdEQuMBzOVwzvA,Olin Bar & Kitchen,107,4.5,42.33456,-83.04809,$$$,48226,0
SGUzqurQ2jEuuk8kpUEAoQ,Avalon Cafe and Bakery,219,4.0,42.33255,-83.04801,$$,48226,0
7T8cK3JxR7rdtEz-3R31EA,Shake Shack,343,3.5,42.3311,-83.04607,$$,48226,0
MG_dEntWnCwiyczRERCc1A,La Lanterna,197,4.0,42.33304,-83.04903,$$,48226,0
JbeFCVw4IkXK6pV6HA8O4Q,American Coney Island,441,3.5,42.33151,-83.04867,$,48226,0
m_jDZuBDEonJLtzB9L6X5g,Detroit Beer Company,445,3.5,42.33583,-83.04883,$$,48226,0
ga6XUaH06FXz3-5kGxRZ4w,Rusted Crow Detroit,379,3.5,42.33649,-83.05241,$$,48226,0
eFB-ZId9NK-6p4uwyuAwiw,Jose's Tacos,142,4.0,42.33554,-83.04668,$,48226,0
I-CjgKtXqZ6ccuDFg-czzg,Leila,130,4.0,42.33325,-83.04999,NA,48226,0
aimziXD36KyHZH-ERGv5uQ,Calexico - Detroit,488,3.0,42.33291,-83.04751,$$,48226,0
XMieCaQ9NofNrzSl9FsOqg,PAO Detroit,224,4.0,42.33632,-83.05307,$$,48226,0
rjLf7nlwmw10w3--wxR2tw,Caucus Club,144,4.0,42.32956,-83.0476,$$$,48226,0
TJQYqfPzVCbh7Op6GxQixQ,Iggy’s Eggies,110,4.0,42.33388,-83.04928,$,48226,0
F5n71dADAgUqYPOqFkQg9Q,Rocco's Italian Deli,134,4.5,42.34647,-83.06157,$$,48201,1
YF4XiXkSFwWSUW86RrORvg,Luigi's Original Restaurant,209,4.0,42.56926,-82.83975,$$,48045,1
GMupHSbjOxy_9CAZdbpMvA,Gina's Cafe,216,4.5,42.55908,-82.86931,$,48035,1
UpF5QWWr79JhsO2Tw3h-zg,New Age Noodles,141,4.5,42.60115,-82.8761,$$,48043,1
NJlo89T6JR_zwrqdMhflpA,The Goblin,112,5.0,42.56198,-82.89617,$,48035,1
C87Dng1diXJAZXssI_D2kw,Brioni's,63,4.5,42.56867,-82.84033,$,48045,1
zsb_fap5JThEfE_TTUAApQ,Eos Cafe & Coffee House,204,4.5,42.51886,-82.87805,$,48082,1
iOUfwbBYHvSGoFwDk44CkA,Terry's Terrace,344,3.5,42.56604,-82.84216,$$,48045,1
LkrdR-3Cs7tC_20z_0EJAw,Gumbo's,135,4.5,42.60075,-82.87385,$$,48043,1
nm1aq9JCMJONNkNUojF9Zg,Juan Miguel's,321,4.0,42.62833,-82.90382,$$,48038,1
wYGiyxNobrLFT-2PCl6ycQ,Pho LineUp,175,4.5,42.56632,-82.95205,NA,48035,1
wO3wK9LiycFdhVBnwO92oA,J. Baldwin's,344,4.0,42.59891,-82.95058,$$,48038,1
7pkd3L_vqDltjmTWn8jWQw,River Rat Restaurant,94,4.0,42.5923,-82.81625,$$,48045,1
K1-fo-xN-sXo9porqzmYVA,New Asian Star,164,4.0,42.54079,-82.88243,$$,48035,1
MX0p-yHLhsRHMMyzfuqniA,Kabob Town,177,4.5,42.64556,-82.85285,$,48051,1
oQQt-qDnMIBnKswE_h3ovA,Asahi Sushi,360,4.0,42.60441,-82.95152,$$,48038,1
d_gsW8bfsPCayKY_4wUksw,Penne Lane,189,4.0,42.62897,-82.8678,$$,48036,1
Ykvtn0LUHBNNn4GU-DlEgg,The Sandbar,74,3.5,42.57112,-82.83545,$$,48045,1
y4BqOxOcIEqAqHFzJMeimw,Kabob Castle,140,4.0,42.54068,-82.90903,$$,48035,1
WGRBG27TY9xXO8-pyCO5fg,Bubba's 33,325,4.0,42.62899,-82.94406,$$,48044,0
PCzOpxDOxA07Dc7Ghws2mQ,Mae's,55,4.5,42.59837,-82.87854,NA,48043,0
dst8TJBdkl6hT1L35jUUjQ,Abby Lane,148,4.5,42.55345,-82.9486,$,48026,0
MSSy1B1KBdS-SevxAgW73A,Mr. Pauls Chop House,372,4.5,42.51464,-82.95287,$$$,48066,0
Zqj5ThFjp0ddF1TYiKeUvw,Hankuk Oriental Market & Restaurant,71,4.5,42.54463,-82.90636,$,48035,0
MTX0Xhdp21j38Kvz7ghzzQ,Twisted Rooster Chesterfield,288,3.5,42.63163,-82.85528,$$,48051,0
2ED7PFzgIg7EbooJyn3Ccw,Johnny Z's Pizzeria,143,4.5,42.5012,-82.89739,$,48081,0
sFyxvDS5Xb1qDuRPvCtQgQ,Thai Orchid Cuisine,99,4.0,42.59863,-82.87819,$$,48043,0
ZyPd6ziuS6-4Rmoy8urd8Q,Cooper's Hawk Winery & Restaurant - Clinton Township,335,4.0,42.62586,-82.94433,$$$,48038,0
yPxAJbNHi1tjpj5eRrQinQ,Eastside Tavern,48,4.5,42.59133,-82.86635,$,48043,0
yeudRDy8hLncnWrSzO9Hrg,Vinny's Brunch,119,4.5,42.62788,-82.9133,$$,48038,0
NcMmKE7113bTmP7oUw49nQ,Khom Fai: Thai Dining Experience,409,4.5,42.65669,-82.93707,$$,48044,0
MueaLchlWDRhThXHsKuUaA,Jimmy Dee's Restaurant Lounge,112,4.0,42.61842,-82.88232,$$,48036,0
s5WQ1g-8Yf-NtaUUoC5AkA,Louies Ham and Cornbeef,49,4.5,42.59158,-82.8802,$$,48043,0
Qml4D3h5KmEFqd9CxwfuPg,La Mia,90,4.0,42.61935,-82.8661,$$,48036,0
_Ql_cfAYYbXve6LwckRViw,Ms. Mary's and Pete Too,142,4.0,42.54722,-82.90362,$$,48035,0
GjpT7IGBQxp9ApQpMoKiKw,Emerson's on the Grill,71,4.0,42.61507,-82.88454,$,48036,0
cMZpLbXa-kECNsdsoVTE4Q,Jillian's Coney Island & Grille,159,4.5,42.67278,-82.83209,$,48051,0
bKfU4AsZS3cIs0vvEPn9Wg,Luciano's Italian Restaurant,279,4.0,42.58485,-82.95209,$$,48038,0
_I7vvRPNYu_P4KtYDkoVcA,Crews Inn,96,3.5,42.59504,-82.79097,$$,48045,0
8GfLfFxp8Y7LQSkLXw_0aw,Testa Barra Kitchen & Cocktails,302,4.5,42.65633,-82.93583,$$$,48044,0
HPKg95iEOllS-wn4OyRUgw,Eagles Bar & Grill,182,4.0,42.67141,-82.82697,$$,48051,0
YhwNKAQi5uxU-tC52LpXeQ,Engine House,96,4.0,42.59776,-82.89247,$$,48043,0
fTYq7vqlNuKbJc-VMaNLdw,Rec Bowl,43,4.0,42.59523,-82.87577,$,48043,0
mlo9DsoKrHZpy_AtTP2tTw,Madina Indian Restaurant,31,4.5,42.54,-82.88293,NA,48082,0
FvVq21EX-xPCcDSEEzSDMQ,Sam's Kabob House,118,4.5,42.61429,-82.95316,$$,48038,0
fPaIV1hNNwkjQ55Tuue8Mg,Karas Family Restaurants,69,4.5,42.49376,-82.89697,$,48081,0
0PKUMvZEl-7Md_KbLAtJCw,O'Halloran's Public House,64,4.0,42.59978,-82.87972,$$,48043,0
fFHCkj2tpv1aUd9_yvvxtA,Travis Restaurant,57,4.0,42.54953,-82.87373,$,48035,0
XLndFDYvavnHPT0bucYrNA,Eddie's Drive In,57,3.5,42.56363,-82.84574,$,48045,0
OkbJBO_4lK8enAM5wi8b6g,Naked Burger,122,4.0,42.6143,-82.95399,$$,48038,0
iRCoWfW6n0OzIsdzaeRcNg,Bath City Bistro,107,3.5,42.59855,-82.879,$$,48043,0
fGj2fwdxSuIB3hYPaUq1WQ,Michigan & Trumbull,118,4.5,42.33208,-83.06645,$$,48216,1
kvG8Rsie9vE7lQqOvUxRrw,Honest John's Bar & Grill,502,4.0,42.34797,-83.06394,$,48201,1
wUO4TOHCf4k_hSrvDKkQjg,Gus's World Famous Fried Chicken,274,4.0,42.34795,-83.06769,$,48201,1
y5f0TpePJ-vOxEjzNvQuwA,The Peterboro,378,3.5,42.34418,-83.06056,$$,48201,0
YzaGq6tIR4pGdc7BGPh78w,Bangkok 96 Street Food,111,4.5,42.34422,-83.06156,$$,48201,0
hiycv628sqdJGgJbIoiy9g,Go! Sy Thai,344,3.5,42.35152,-83.06378,$,48201,0
48UU-FaqYEP5pwu4KfO6Ww,Spread Detroit,119,4.5,42.35063,-83.06382,NA,48201,0
2Gbql_loKmYhuOE40QyVsA,The Block,255,4.0,42.34971,-83.05961,$$,48201,0
O90Q7WzpAhfuC-QYkCU0Fg,Seva Detroit,503,3.5,42.35485,-83.06137,$$,48201,1
ODy5o9SXrnF3svV-6h-P7Q,Pho Lucky - Detroit,249,4.0,42.34443,-83.05608,$$,48201,0
WAagEMgxpCCO0CfWTeLtzQ,Condado Tacos - Midtown,115,4.0,42.34755,-83.06537,$$,48201,0
2xDUtzO7aSJHdj9-Kn2O-w,Bronx Bar - Detroit,251,4.0,42.35225,-83.06686,$,48201,0
2ryA0axzi8P5zbQAePZ0ow,The Whitney,554,3.5,42.35275,-83.06215,$$$$,48201,0
aVOoohl4rV4yrOebhiZiWQ,Smith & Co,90,4.0,42.34745,-83.06562,$$,48201,0
8CSAifNfdBhaOKwpyV49bA,Momo Cha,53,4.5,42.34422,-83.06156,NA,48201,0
ETRlSpmO2fpj2m6-g5l4Rg,-320° Coffee & Creamery,56,4.5,42.34423,-83.06157,$$,48201,0
iwa6xSsNeY1NahhJjCy3xw,Slows To Go,258,3.5,42.34955,-83.06332,$$,48201,0
4oeL2UZaD9IzIdarbIqfeA,The Congregation Detroit,53,4.5,42.37739,-83.10052,$$,48206,1
MB2cxe9qe3SGvUv0ONwrXg,Boostan Cafe,221,5.0,42.39613,-83.04886,$,48212,1
ecM8yvDEvlJLKnxs878OUA,Polish Village Cafe,545,4.0,42.39841,-83.0567,$$,48212,1
fmcHbCeBsXEEdY4btGBcPg,Yum Village,145,4.5,42.36938,-83.07228,$$,48202,1
M_e9bzbH7yzwcVL_6an9Lw,Oak & Reel,92,4.5,42.37222,-83.0668,NA,48202,1
X5C_InLvl2PtR9gmWC1HSw,City Wings,113,4.0,42.36734,-83.08046,$,48202,1
JU83fjqfc-8OF_60mvgVvA,Babo Detroit,150,4.5,42.36056,-83.06647,$$,48202,1
YToERl_vqJFwbvWTOI7XFw,Detroit 75 Kitchen,219,4.5,42.31082,-83.09453,$,48209,1
pvS6CcEHWFEvNE_PfLuFXA,Polonia Restaurant,248,4.0,42.39784,-83.05771,$$,48212,1
FZnsqDn-j-oH2rsvocmzFg,Amar Pizza,120,4.5,42.40607,-83.06429,$,48212,1
-s_eiUkP-wlRqGy68KhSXw,La Palma,188,4.0,42.35363,-83.05959,$,48201,1
9KCNDuSXIPJdW4ccqK29ow,Cuisine,135,3.5,42.37021,-83.07854,$$$,48202,1
CEEMOAb23oemjDpNEiGStw,Midtown Shangri-La,262,3.5,42.35399,-83.06531,$$,48201,1
YnNxeN1q8VfIdH2alMRJlA,Srodek's Campau Quality Sausage,60,4.5,42.39579,-83.05749,$$,48212,1
PKlOvhc4-dpZPX0rR72Asg,Blimpie,52,5.0,42.35526,-83.06539,$,48201,1
aoSK__6Vz8ow05tvBtRNQg,Balkan House,109,4.5,42.40014,-83.05814,$$,48212,1
TkLcUfsNpPMCf-ksOv7Yeg,ima,99,4.0,42.35582,-83.06632,$$,48201,0
zY1OTIDP8j1ZyepTVrT8MQ,California Burgerz,119,4.0,42.40708,-83.05597,$,48212,1
8_f0rZ3vRDGhk0xogzRZmQ,Harmony Garden Cafe,107,4.5,42.35263,-83.06987,$,48201,0
k8ZwQVBv7xpsDGgODG0BhQ,BARDA Detroit,65,4.5,42.3485,-83.08786,$$$,48208,1
U7Wgy1k6MpZMiL3to0S5ew,Socra Tea Detroit,67,4.5,42.35449,-83.06117,$,48201,0
ioFyTODz0m_z8dTIidyq5A,Bash Original Izakaya,66,4.5,42.35297,-83.07947,NA,48208,1
_GL1Lqbg15Gb0anjqcMmJg,Woodbridge Pub,237,3.5,42.35399,-83.08012,$$,48218,1
Zv2OfTNt5lMcj9FfgLj2rA,Ochre Bakery,63,4.0,42.34874,-83.08843,$$,48208,0
XNU8Im9LGzs7RT6gKdL_kw,Hygrade Deli,128,4.5,42.33164,-83.09401,$,48216,0
MlKmMAF_rFjgy0nX_fk8Mw,Cork & Gabel,139,4.0,42.33111,-83.07941,$$,48216,1
Of_SRT4D39xbcOlYs1kAeg,Cass Cafe,256,3.5,42.35354,-83.06479,$$,48201,0
TaG8eAwHsc5by2klFPxD1w,Mike's Famous Ham Place,65,4.5,42.33163,-83.09438,$,48216,0
8Pi4ES2PUynNKgOIMhnwcw,Grandma Bob's,76,4.5,42.33113,-83.07584,$$,48216,0
Xq635a2o33-VAzhaHuE2aQ,McShane's Irish Pub- Downtown Detroit,152,4.0,42.33175,-83.06667,$$,48216,1
oiAg2xABaFCKiZTyBMKIvg,Z's Villa,117,4.0,42.3665,-83.06964,$$,48202,1
VN4CF5xc7hI8IX4pi6evmQ,Tony V's Tavern,67,4.0,42.36232,-83.06983,$$,48202,0
yYnTE3a0KqE6lvZKFMlWJQ,Kresge Court at Detroit Institute of Arts,51,4.5,42.35908,-83.06555,$$,48202,0
-niJiIyxntNfZcLpyQ7cXA,Wasabi Korean and Japanese Cuisine,317,3.0,42.36054,-83.06595,$$,48202,0
7q9U7aJMrnghgH1FTSoo0A,The Potato Place,108,4.0,42.35605,-83.06604,$,48201,0
S38PGOYazDq82Su_GyoNHg,Common Pub,65,4.0,42.36005,-83.06813,$$,48202,0
_3SXEvZRPtGpu1k_r7gM-Q,Zo's Good Burger,64,4.0,42.36712,-83.08036,$,48202,1
JxCg9rR20YG7pyrZ38cUDQ,The Kitchen by Cooking with Que,19,4.5,42.36946,-83.07309,NA,48202,0
2_arAchX5g9VbUcUYLa5Qw,Bucharest Grill,139,3.0,42.36689,-83.06847,$,48202,1
d-5lyKTcTy10JSrBnR3q0A,Freya,25,4.5,42.37217,-83.06698,NA,48202,1
y6fqk-OHUuPw4QjHu-bDow,Traffic Jam & Snug,511,3.0,42.35096,-83.06609,$$,48201,0
JvolfqwcN7PC4CVQGssGCg,Poke Poke - Sushi Unrolled,62,4.0,42.35341,-83.06245,$$,48201,0
zVuAAy0rIz3LvF_eRb1JuA,Yemen Cafe,129,4.0,42.39018,-83.05329,$$,48212,1
5ZM8W-9-iOnoaJ4L1tTr2Q,The Turkey Grill,113,3.0,42.37598,-83.0769,$$,48202,0
kPUW4CeGVhxbgpg5Jyfs4w,Mac Shack,91,4.0,42.34808,-83.04249,$,48071,0
s1EvatUyz12BoWVC3EbK2A,Promenade Artisan Foods,8,5.0,42.36989,-83.07757,NA,48202,0
w7doyg39N4SQjQxVfEQ1xw,Joe Louis Southern Kitchen,44,3.5,42.36969,-83.07342,$$,48202,0
lpRCefLR1QwA-hzxBWvNiA,Savant,84,4.0,42.35411,-83.06351,NA,48202,0
bCx2txcAqiZpUW1U3mNCQw,New China One,33,3.5,42.37151,-83.07391,$,48202,0
QjiScrrpktNME-EXhK7Gig,Supino Pizzeria,19,4.0,42.3693,-83.07286,NA,48202,0
EzgWrsHMx-BxR0l5KdATLQ,Sheeba Restaurant,32,4.0,42.3903,-83.05332,$,48212,0
y0kxWdbQVUrkS2KlmOnnOw,Parks Old Style Bar-B-Q,79,2.5,42.37378,-83.06812,$$,48202,0
nRf5bVtThFpkctyPJcA_gA,Lunchtime Detroit,13,3.5,42.37002,-83.07587,$,48202,0
VerpVHJjf9W87vPmC0OaLQ,Starter's Bar and Grill,129,3.0,42.35391,-83.06286,$$,48201,0
QQmE5sfaHxP5Az0SdGOaNA,Mocad Café,15,4.5,42.35369,-83.06148,$$,48201,0
9xlGxd3zL3Rpq5fhIvHqLQ,Shield's Restaurant Bar Pizzeria,40,3.5,42.3576,-83.06505,NA,48202,0
cVFXGNMHEipnAUCHhR2vVQ,CaféDIA,8,4.0,42.37706,-83.07724,$,48202,0
FPUnc3Oks54V1RPla5PY2A,La Musique Restaurant,25,2.5,42.37025,-83.07472,$$,48202,0
BSq1bR8goO8iu6Cxc3C8Hw,New Center Grill,17,3.0,42.37034,-83.07628,$,48202,0
Jola2XUxkz9s5gwVfsKBiQ,China House,39,3.5,42.35911,-83.05876,$,48201,0
9fha5VcmS3qABRPEfBBqXA,Impasto - Italian Inspired Wraps,15,5.0,42.33693,-83.30484,$,48127,0
Ly1IdVoz56sr48yWhTrAJA,Grandys Coney Island Restaurant,24,3.5,42.38578,-83.06879,$,48211,0
TDZD1aNzR9qBA06B8fZr8w,Olympic Grill,28,3.5,42.35614,-83.06563,$,48201,0
70zEOA3dsFEwHs5IIFWiaQ,La Dolce Vita,394,3.5,42.42027,-83.10643,$$,48203,1
ZbqZBz6OcGqtELFYqYlJYw,The Dakota Inn Rathskeller,135,4.0,42.41994,-83.10164,$$,48203,1
BKSUrliOqp-5G2nxikC_Yw,The Narrow Way Cafe & Shop,81,5.0,42.43404,-83.1418,$,48221,1
H5WDC5Dckm202TIqhweFNA,Kuzzos Chicken & Waffles,679,3.0,42.43413,-83.14193,$$,48221,1
vUAznKs_8crdw7gYkBqSJg,Good Cakes and Bakes,97,4.5,42.43457,-83.14181,$,48221,1
cPOkQokl5iK9qKcLr0r17w,Bakers Keyboard Lounge,220,4.0,42.44534,-83.14161,$$,48221,1
ITsDoLYGtRBhKHzSSgqq0g,Fat Salmon Sushi,88,4.0,42.40085,-83.06097,$$,48212,1
0D6zxlfaDbIJTWYwZ4mFhQ,Sullaf Restaurant,18,4.5,42.43231,-83.11156,$,48203,1
77xiexBhSzXLPitxrS6mtg,Schramm's Mead,56,4.5,42.45421,-83.14237,$$,48220,1
fQ2yw_1jJo1INWqD-eiJzw,Delite Cafe & Deli,55,4.5,42.40072,-83.05779,$,48212,1
BNsv24P1RIQ1LRbK2JCjKg,Pizza Connection,80,4.0,42.45505,-83.10378,$,48030,1
aFHUpogq8VyA6YHvHifC5w,Remas,55,4.5,42.40147,-83.06054,$$,48212,1
1DDZ6Uf6YuJ7NEtzDd7ZgQ,Detroit Soul,59,4.0,42.4468,-83.0739,$$,48234,1
bs23dnccSco17JhCuoAlaA,Aladdin Sweets & Cafe,130,3.5,42.4066,-83.05575,$,48212,1
4E1NX9wbspg2-FQ6O8RbIQ,Oloman Cafe,28,4.5,42.39862,-83.0593,$,48212,0
W_h64ZRplw7mE1j41ETBRA,Dos Locos Tacos,59,4.0,42.3995,-83.05979,$,48212,0
0hmOVRxLEWUqUbi2vdCcDw,Detroit Shawarma,28,4.0,42.43611,-83.11731,$,48203,1
D_e79Qo_gm4TRJk95ob-tg,Sam's Ferndale Grill,91,3.5,42.4498,-83.1265,$,48220,1
VOoMSTaQFo3T4zrMJ1D5ZQ,Halal Desi Pizza & Gyro's,57,4.0,42.39741,-83.0655,$,48212,0
VbI5R2p9AI9qZPAoA_QmYw,Maine Street Restaurant,71,4.0,42.40306,-83.06169,$,48212,1
bD9qIdZWvbyZSKxYpBKcIA,Nunn's Barbeque,50,3.5,42.43432,-83.07423,$$,48234,0
H9SO_FbXfatGTICocIudhA,ZamZam Restaurant,51,4.0,42.40615,-83.05535,$,48212,0
flpMXV_1i4xE5ZCWYz3VOg,Bucharest Grill,134,3.0,42.43659,-83.14131,$,48221,1
EcwW8y3CPpOz8aYdKERZ9Q,Amicci's Pizza,75,3.5,42.39766,-83.05853,$,48212,0
rGqxAFJmDJXg9MdVUdve8w,Taylor Made Phat Burgers,35,4.0,42.43308,-83.05453,$,48234,1
TiD1paO-NuTqHPIVJ8IjHQ,Nandis Knowledge Cafe,7,5.0,42.40351,-83.10987,NA,48203,1
67OAiibU5_LRfzrGvW2sTw,Reshmi Sweets & Cafe,49,3.5,42.4084,-83.05622,$,48212,0
8ivTIA96YGx05N0g0gvb5A,Kabob House & Mouchak Sweets,68,3.5,42.40323,-83.05349,$,48212,0
iuzViA_cTjFhO57jCSI5Dg,Sun Sun Restaurant,14,3.5,42.41797,-83.10607,$,48203,1
hf_lxHxDmueVmh4uwI8g_A,Bishr Poultry & Food Center,17,4.5,42.40948,-83.05693,$,48212,0
O72AS1bvoZo0ycfeHhwpJw,Kwong Tung Inn,45,3.5,42.4469,-83.07213,$,48234,0
_oEzT92XYbiRRCflcD9Zvg,Hello Shawarma,15,4.5,42.40848,-83.05701,$,48212,0
ERTnbYeoPWB-9aGjDDPwig,Pink Flamingo To Go,6,4.5,42.42174,-83.1074,NA,48203,1
XT3YgQ0rgtOdohJYCaWwOw,Trap Vegan,21,4.0,42.44306,-83.14142,NA,48221,1
_wmv-QTEUeVYXK8Z1Xh4mA,Fork in Nigeria,23,4.0,42.43337,-83.1414,NA,48221,1
TwrNCe1stTm3FhtO5ViMGg,U of D Coney Island,16,4.0,42.41036,-83.14018,$,48221,1
3Q3wRQNQPNNIpgxLxyloFA,Cakes and Shakes,7,4.5,42.40504,-83.09647,NA,48203,0
sH1-Lca69xHZiKwoYag9gQ,Woodward Ave bar and grill,6,5.0,42.39479,-83.08928,NA,48203,0
s6NLs1dCb8ohGvWfmqyppQ,One-Eyed Betty's Beer Bar & Kitchen,1176,4.0,42.45998,-83.13581,$$,48220,1
EWQiie9GDff5vdUDSDBdVw,Imperial,1328,4.0,42.46105,-83.13427,$$,48220,1
OuDXvL5Nc3woI68UwMJzLw,Public House,715,4.0,42.46033,-83.13705,$$,48220,1
fUjJRb7McOOM-lRiR3M9Jg,Anita's Kitchen,607,4.0,42.45959,-83.1343,$$,48220,1
0_-XMCBdONjEjvoMTZHPPw,Pop's For Italian,687,4.0,42.4608,-83.13789,$$,48220,1
8MFeM-m8JPaXTaLKXW2b5g,Otus Supply,475,4.0,42.46104,-83.12993,$$,48220,1
39GBMqqrw0Ax6FXe2Fws_A,The Red Hook,184,4.5,42.46083,-83.13663,$,48220,1
4z2IsdJofEmAnhnhuK-caA,Bangkok Cafe,273,4.0,42.46037,-83.1383,$,48220,1
4nCInYsjx9PbFzsKoAivNA,Bobcat Bonnie's Ferndale,301,4.0,42.4607,-83.13727,$$,48220,1
i-K8bczg97394moKngRgEQ,Detroit Fleat,243,4.0,42.46085,-83.11274,$$,48220,1
kqlg-9zqgsXMQZgsKMGVqA,"The Corner Grill, Bar  Game Room",117,4.0,42.46078,-83.1389,$$,48220,0
n6A4Oj4PG4K0b1WJZfiFbA,The Blue Nile Ethiopian Restaurant- Ferndale,251,3.5,42.46017,-83.14175,$$,48220,0
t-JFVLfIL5NGtog4p0tIQg,Assaggi Bistro,131,4.0,42.46064,-83.13895,$$$,48220,0
zLa3tBRTY9WtQ1nC0lmX_A,The Emory,397,3.0,42.45988,-83.1335,$$,48220,0
pKnjKkLGvr7c0ebevDGR-w,COMO's Restaurant,280,3.5,42.46079,-83.13423,$$,48220,0
gV-9dr8dRYKihUNkB3ZPqA,Balkan House Ferndale,68,4.5,42.4608,-83.13846,$$,48220,0
E20aeHzgNvwVRQYxZShlTA,Woodward Avenue Brewers,302,3.0,42.45968,-83.1333,$$,48220,0
IHJJRx8QWCS-Q7uz25ySvQ,Got Pho,57,4.5,42.46083,-83.1359,$$,48220,0
ABdTLz0ypsgucJL5KgYYNw,Hambo Coney Island,87,4.0,42.46165,-83.13457,$,48220,0
6B3PA0C2URb5T4-DF3jk0g,May's Bangkok Express,110,4.0,42.46077,-83.13784,$,48220,0
yg5Ff-yKvwNLlIcovbYx7g,Nick's Pizza,92,4.0,42.46087,-83.1241,$$,48220,0
HSHEKfBpXHf9dEjoMAbLxw,Wing's Gardens,116,4.0,42.4604,-83.15604,$,48237,0
ZuzlfqyalXZNvRv3Mlm0Ew,J's Penalty Box,64,4.0,42.46003,-83.13373,$$,48220,0
qVb-pQOXbfbG9g6NUqs_pA,Star of India,143,3.0,42.46072,-83.13584,$$,48220,0
RbwoW3EZL7_3bY16kgec5Q,Spacecat V-stro,18,4.5,42.46031,-83.13735,NA,48220,0
aaqjqVk3ech_8wUOhbzcvQ,Java Hutt,92,3.5,42.46045,-83.13581,$,48220,0
1HHMUF1m8Lg95edlGZ9VTw,BIGGBY COFFEE,26,4.5,42.46067,-83.1437,$,48220,0
a30Js5u599eKXiSHIbrI1w,The Pita Post,21,4.5,42.46084,-83.11269,NA,48220,0
kCdNBdo1bUK50NFK55qi_w,Applebee's Grill + Bar,95,2.5,42.44618,-83.12306,$$,48203,0
XacgNEm8TqWsK-RILFdCfw,Traverse City Whiskey Co. Outpost,31,4.0,42.46091,-83.13421,$$,48220,0
jLR9iIsNmwK85mqgKQ7j7Q,Lefty's Cheesesteak,48,3.0,42.44606,-83.12088,NA,48203,0
oCuSb7NGOYv_AdSyQ-1dxQ,Pequeño Cantina,9,4.5,42.43395,-83.14181,NA,48221,1
BXSEysmWPwVHK2bwKNyzeA,Noni's Sherwood Grille,32,3.0,42.43721,-83.14133,$,48221,0
c-4S9no0X3LMShLJQG185A,Nu Deli,15,4.5,42.46092,-83.1355,NA,48220,0
4Jd2u9Q1-ijXUmu4m1LG6g,Ernie's Market,474,5.0,42.45592,-83.15737,$,48237,1
Q2EBL0G3e2qXKi9R_ufH7g,Chef Greg's Soul -N- The Wall,45,4.0,42.42416,-83.16084,$,48221,1
bd3ZE5iuzSix0EpG-VGobg,Lou's Deli,65,3.5,42.41722,-83.1529,$$,48221,1
duDZQpSRaJZAFlIQZHQlyA,BabyBacks Open Pit,23,4.0,42.43169,-83.14396,$,48221,1
R9-RJksyy7Tzb1AxcKPzBw,China Wok,14,4.0,42.42869,-83.14087,$,48221,1
bORSBYzq4l2nA8ux2fLmxg,Uptown Barbecue,72,2.5,42.40653,-83.13993,$$,48238,1
-khFFZS-e6cN9NNgjnxc5g,Motor City Brewing Works,9,4.5,42.43436,-83.14122,NA,48221,1
ZtVRNsdHZ26Cz0-jfXMqXw,Good Times On The Ave,42,3.0,42.4356,-83.14117,NA,48221,1
JE_Djpnqhc2XgliB92CNFQ,Asian Corned Beef,43,3.5,42.388,-83.15898,$,48238,0
jQxVHlNjtOXtJZVxJhJ7cw,Mr. Corned Beef,21,4.0,42.44658,-83.158,NA,48220,0
fxftSBVIj2DijBVDu4AwRg,Legend's Coney Island West,11,4.0,42.39305,-83.12111,$,48238,0
rr1l0aTQHIxYkUecXXvsow,Fresh Fish House,26,3.5,42.44549,-83.16229,$$,48221,0
yNhYUfHvsptryjXWZGqSyQ,D And D Cuisine,18,3.5,42.42121,-83.14116,NA,48221,1
y-c373JyJ9Qt5Sz5rhUqMA,Uncle Rays Potato Chips,15,4.5,42.39227,-83.16342,$,48238,0
vkeCKlZmVcjPmamfJnSWsA,State Fair Coney Island Restaurant,8,4.5,42.44758,-83.10312,NA,48030,0
iwkpdYn1khVBFRtdNsGf2g,Detroit One Coney Island,13,3.5,42.43208,-83.10259,NA,48203,0
TpPjh13cRL_h3Rh8xPVKjg,State Fair Supermarket,12,3.5,42.45218,-83.12223,$,48220,0
LZmp0yqWs7d_pBJ-0IZpGA,Wingstop,57,2.0,42.44615,-83.12078,$$,48203,0
kjRYjSDDuqZbPCpb85lkIw,Papa's Drive thru,6,4.5,42.4467,-83.13955,NA,48220,0
hv-UCrOw9cKz5Bqt66OWmQ,Gregg's Pizza & Bar-B-Que,32,2.5,42.41803,-83.14049,$$,48221,1
jTREAc4Cis0m2-zByeiefQ,Woodward Market,1,5.0,42.43597,-83.11712,NA,48203,0
LfurDi0oX869xItYAPWc2w,Finger Licken,4,5.0,42.42993,-83.14166,NA,48221,1
MCAmhpTjBlZ32OGRtAVhwQ,White Castle,30,2.5,42.4494,-83.12621,$,48220,0
ZDemWGG9VKDyOcehpSSdyQ,Blue Seas Fish Market,9,3.5,42.44652,-83.14294,$$$$,48220,0
YZaT35IFzTMHfCEnD_LFoA,Pappa’s Drive Thru,4,4.5,42.4467,-83.13955,NA,48220,0
EnhflOGuF4mgC1dxrRfkgA,Tres Leches n Snacks Tacos,1,5.0,42.41602,-83.10845,NA,48203,0
fvd8Ke88teGRS9irOEaGmw,Parkside Coney Island,14,2.5,42.41742,-83.11591,$,48203,1
uPkY-1uM8_dMm0uqIGD-KQ,T-Mo's BBQ Pit,11,4.5,42.4169,-83.14516,NA,48221,1
wEcWM_i0i3eMImkBQHWDlQ,Boston Market,19,2.0,42.42835,-83.14101,$,48221,0
n1c2s5-acSmeK3vn2dCc5Q,Fork in Nigeria Food Truck,3,4.5,42.43334,-83.1413,NA,43232,0
xtl7KGp1Z4Rvo2Rxgs7vLw,Psychedelic Healing Shack and Vegetarian Cafe,1,5.0,42.42906,-83.11249,NA,48203,0
wT7mZIA9k1GdbKIqVwmQbQ,Tigris Restaurant,4,3.0,42.43245,-83.10954,$,48203,0
FyLaLYY8LWXW0EFaFOkRPQ,Captain Jay's Fish & Chicken,12,2.0,42.41825,-83.14123,$,48221,0
JG8q7Yt32PMJQ21FmJ3FEQ,McDonald's,24,1.0,42.44594,-83.12017,$,48220,0
eYhyHmUe_yr0tpbHof8UiA,Pappa’s Drive Thru,1,5.0,42.44667,-83.13967,NA,48220,0
YYoxCNhoYryKgwAkJtII2w,Salem Market,1,5.0,42.45326,-83.10312,NA,48030,0
-6XB_v_ktL5pNAIZLnmvgg,KFC,7,2.5,42.44702,-83.11385,$,48220,0
qtOvg7CJ7_JB-urFBA4OWQ,Papa's Pizza & BBQ,11,2.0,42.43178,-83.14622,$$,48221,0
rXbwiJlmnNGaIsA-g7DVnQ,Little Caesars Pizza,12,1.5,42.41852,-83.14059,$,48221,0
XD9VkGKA_RXfR0NcodB4uA,Quick Foods,3,3.0,42.44714,-83.11835,$,48220,0
CJr_q0J61Or1MBwP_SR2aQ,McDonald's,8,2.5,42.41741,-83.14139,$,48221,0
wZGQjy3bBvOxIvOZ0cybfg,Caribbean Citchen,85,3.5,42.41702,-83.16602,$$,48221,1
H_YKuNubssHEp98l10DJtw,Motor City Soul Food,111,3.0,42.43141,-83.17083,$$,48235,1
6rzvMwgHbonIgyIH8HbntQ,BBQ Central,35,3.0,42.43099,-83.17125,NA,48235,1
HD85OFB1xFPEQ0mOI2yhtA,Jet's Pizza,62,2.5,42.44617,-83.15708,$$,48220,0
Y98rkoJCMNfR3xwoZJACfg,Heavenly Chicken and Waffles,5,5.0,42.44555,-83.15423,NA,48221,0
7DqVNiQ2T512TbgEAQL-bA,BJ’s Deli & Cafe,5,5.0,42.44528,-83.16544,NA,48221,0
xUggLy8-ex4j8PMr6kUL4w,8 Mile Grill Coney Island,15,3.0,42.44554,-83.15125,NA,48221,0
i-APo19ZYZ1IEYTfvhQHVA,Capital One Coney Island,15,3.0,42.44626,-83.16106,$$$$,48220,0
1B_OqwqdqrQULAhGvGej-w,Deli Plaza,1,5.0,42.42612,-83.16098,NA,48221,0
6KGOyPbuuD43yrI24uvTDg,Grandfather's Place,1,5.0,42.41724,-83.15063,NA,48221,0
9sBKLm8vXCqJP0Z1YddcIA,Mark's A Eagle's Coney Island No 4,8,3.5,42.40928,-83.17006,$,48227,0
bEcx2ZZf-SA6uGgqd7oaVg,Chik-N-Wings,4,3.5,42.44533,-83.16348,NA,48221,0
WmNfJzqnDX3EHpRQHBb_4g,Captain Jay's Fish & Chicken,4,3.5,42.41555,-83.17051,NA,48235,0
ku-FO1M1xn3geiSMJNGjYw,Burger King,24,1.5,42.44626,-83.16562,$,48220,0
oIu-i9xxVaifdA9j7CuWYA,Livernois Fresh Fish And Seafood,3,3.5,42.42522,-83.14094,NA,48221,0
G3gBRGoYWt4_QZ1aDjguMA,Domino's Pizza,21,1.0,42.41652,-83.16537,$,48221,0
bTzNnuATPBKlOp7S8jNafw,Connie & Barbara's Soul Food Restaurant,41,3.5,42.41637,-83.17429,$,48235,1
bxOvJ6oZj1Mu-dxktDrH4A,Sloppy Chops,45,3.0,42.41678,-83.1761,NA,48235,1
5cd02Zp9i9afoW0LIEpvNg,44 Burrito,50,3.5,42.44499,-83.18506,$,48235,1
Es7x1hZMnVvEUf7_BzQpYg,L Georges Coney Island,20,3.5,42.4163,-83.18053,$,48235,1
cI37hvZQVn-x6j04WTKkjA,The Charlevoix,88,4.5,42.38493,-82.94544,$$,48215,1
y29cTUUel73awDZPE5iTOg,Alma Kitchen,36,5.0,42.38814,-82.94133,NA,48230,1
F7F_5cbT1pKWrPzfxvcsCg,Howlers & Growlers,94,4.0,42.38589,-82.94197,$$,48230,1
Jzs0rmsXht2Q8L8qOIpsEg,Mama Rosa's Pizzeria,96,4.0,42.38766,-82.94402,$$,48230,1
wplK0CKmjjZneXrz-dyD3w,Marge's Bar,45,4.0,42.38795,-82.94233,$,48230,1
zPkghJTy4cb1DPCWQ5HMHw,Vegginini's Paradise Cafe,75,3.5,42.38837,-82.94231,$$,48224,1
fipY2GixLKnQK0knU-UinQ,Sierra Station,76,3.5,42.38745,-82.94508,$$,48230,1
RMQW0S-WvEX92L55h2UUMA,Park Grill,122,3.0,42.38097,-82.94096,$$,48230,1
qOQLFWn_VE21ogol12DoGA,Cabbage Patch Saloon,20,4.5,42.38767,-82.94468,$$$$,48230,1
wtWOMugFgktzB1s8dzLxow,Cabbage Patch Cafe and Catering,40,4.0,42.38107,-82.9409,$,48230,1
0SSAdXRsAStqNq9bC76fyA,Cellar 313,32,4.0,42.38116,-82.9408,NA,48230,1
DSrKyiiOoHdDPGAFuaVVOQ,Antonio's in the Park,53,3.5,42.38156,-82.94087,$$,48230,1
9ZQ2CEOukobuVCbZMPVmQg,Louie's Ham & Corned Beef Shop,22,4.0,42.41407,-82.94045,$$,48224,1
w248IBqdEWJHCHsQ0n056Q,PoP Culture Vegan Cafe,7,5.0,42.38853,-82.9421,NA,48224,1
X43gWZ9M5hHxwrSqh0UKeg,Capuchin Soup Kitcnen Conner Kitchen,4,5.0,42.3867,-82.96942,$,48215,1
hhmTiNJH_Er-nl2q_86aKw,Krazy Pizza,14,3.5,42.38609,-82.95397,NA,48215,0
PpTVk1PpIuBl4SjVwl4Pjg,K&G Deli,7,4.0,42.39277,-82.98372,$,48213,0
LfP6juwAQ243Xhe5ROQNbA,Olympia Coney Island,3,4.0,42.4043,-82.96479,$,48213,0
8okd__QuusECQ21cvH52sA,Excalibur Park,24,3.0,42.38524,-82.94464,$,48230,0
ZXKMN_AvnojqU0Ls08uWvA,Captain Jay's Fish & Chicken,9,2.5,42.4051,-82.96447,NA,48213,0
q6UaYYgDu8Sz5aJ4mJ3BTw,Universal Coney Island,7,2.5,42.39615,-82.95762,$,48215,0
P1dUWQpoUIHANMA_Xuy0EQ,Detroit Wing Spot,15,2.0,42.40226,-82.97354,NA,48213,0
70rqJwX7Koi58Sx7pKbZ6w,New Harper Seafood,4,3.0,42.40168,-82.97549,NA,48213,0
fOo42xTa7ySrQeH34LGpvQ,Universal Coney Island,8,3.0,42.40591,-82.96115,$,48224,0
odLv8S2wSa3VN8cHxqUheQ,Little Caesars Pizza,1,5.0,42.40478,-82.96504,$,48213,0
lsy5e4WoppbcEoGRfKhs7Q,Mr Sea's Fresh Fish & Seafood,5,3.0,42.39045,-82.97176,$,48215,0
ze_PjngVwc82nodV0KPCBw,Maison's Restaurants,8,3.0,42.38505,-82.96127,$,48215,0
pe3u348RowtQdtrAbZK19Q,Number One Chinese Restaurant,5,3.5,42.38849,-82.97884,$,48214,0
QTq14rLfan6qYAPyh1Vh8g,Toney Island,3,1.5,42.39242,-82.96677,NA,48215,0
OnFPQNaesIZEzZ5YZ1vNTw,Checkers,5,3.0,42.41281,-82.94235,NA,48224,0
44m8t7DSkvP56x0C09IuzA,Al's Fresh Fish & Chicken,2,2.5,42.38983,-82.97398,NA,48215,0
Y_7T1WqVL3A8XFPP9xTvmw,KFC,3,2.5,42.40506,-82.96519,$,48213,0
ypD7vIWuV4cUflMCyaiqnA,McDonald's,12,1.5,42.38398,-82.96877,$,48215,0
pKZQBsL7uKj6GranEggqFg,Chicken Shack,5,2.5,42.38665,-82.94987,NA,48215,0
sRIH1M65zJa0JXUd1fPHfg,Popeyes Louisiana Kitchen,2,2.0,42.38933,-82.97513,$,48215,0
RaKjfa17stbim36M5ota0Q,Church's Chicken,4,1.5,42.38939,-82.97749,NA,48214,0
cO0YTDHBU6XpZVyLex2FDg,Burger King,7,1.0,42.38425,-82.96592,$,48215,0
6XP4s0OA7y1bwUlPv6ovxA,Harper Deli,1,4.0,42.40625,-82.96,NA,48224,0
611QwVU1uPKRQBDXNZkEYQ,Manhatten Fish & Chicken,1,4.0,42.38409,-82.96752,NA,48215,0
MM-SIRx9JoFdoVY0RrC7bA,Wendy's,1,1.0,42.38789,-82.97339,$,48215,0
-8yB6eN4BqPfVBbSLQAYNw,Chicken Talk,2,1.5,42.41628,-82.99022,NA,48205,0
0ke8vkU9QrN6DC4EdJHOXw,The Jagged Fork,568,4.5,42.4106,-82.91311,$$,48236,1
qIOqjnVR8dwslhxOr0SgOw,Garrido's Bistro,336,4.5,42.42575,-82.90999,$$,48236,1
es9pydkjonOwApjvK3IgKQ,Cadieux Cafe,146,4.0,42.40155,-82.92639,$$,48224,1
TIWxKnk5HNNsxoxXypFAsg,Churchills Bar And Bistro,70,4.5,42.42038,-82.91095,$$,48236,1
MzNbpMpjUN6S1xDKMpktcw,Blufin Sushi,297,3.5,42.41196,-82.9123,$$,48236,1
1gl6nLjD1q_qQYk8dXe11Q,The Detroit Pepper Company,24,5.0,42.40638,-82.92801,NA,48224,1
I6qw8Of17Qnn49KHnBlxPg,Dish,49,4.5,42.41021,-82.91369,$$,48236,1
7L9OZICwNWVMNjpLyILqHw,Village Market,57,4.0,42.40847,-82.9139,$$,48236,1
Z6abD-iuSeAcsRiJXHtkSQ,Lunch Box Deli,126,4.0,42.39446,-82.92258,$,48230,1
mnRXy9oWc5NXvwuC7aD8OQ,Burrito Mundo,163,4.0,42.42334,-82.91041,$,48236,1
c1skLJoAFtoZ7NKnil9rKw,SideStreet Diner,152,4.0,42.39,-82.91511,$$,48230,1
5t_GXn2M3voh0LMlctJCJA,Irish Coffee Bar & Grill,65,4.0,42.41306,-82.9116,$$,48236,1
8JJ9ihWsYuCNChsIMMPrAg,Noble Pig,74,4.0,42.41822,-82.90995,$$,48236,1
ec6pF-D_7qtn07hbgAPECA,Old Pony Martini Pub,111,4.0,42.38921,-82.91676,$$,48230,1
6CFArUwrKj7mKd-i9L-rVw,Dirty Dog Jazz Cafe,109,4.0,42.39538,-82.90326,$$$,48236,1
HsJBLE2Aml72c_mC_-SvPg,Bogart'z,72,3.5,42.39894,-82.91953,$$,48224,1
E9l4pAmQ7cbl4ZBOUGMuoA,Cleopatra Mediterranean Grill,79,3.5,42.41649,-82.91108,$$,48236,1
onviYxo6U7OHtY2fRP8wAA,Five Pointes Cafe,24,4.5,42.41743,-82.9103,$,48236,0
WowlzZT8ei197XOuzHJw8w,TN Thai Bistro,193,3.5,42.39015,-82.91528,$$,48230,0
C-jgJ5DRSMO2UWWylSezrg,Noorjahan Grill,30,4.5,42.39416,-82.92345,NA,48230,1
MJ0NTxK6N5XnISSypJ0thA,Luxe Bar & Grill,145,4.0,42.39581,-82.90268,$$,48236,0
SfrXsJx7ditGKJfiNTt6Qw,Original Pancake House,220,4.0,42.43703,-82.90854,$$,48236,0
dG7pgR6I6A_HskQojrUOmQ,Licavoli's Market,116,4.5,42.44738,-82.90649,$,48236,0
XOvPJxxdtaXg-YOOS-2NYA,Rabauts Cafe,16,4.5,42.41172,-82.91402,$,48236,1
yFSvq-Hj0BNDdW9PkUFvkQ,Norma G Caribbean cuisine,148,4.0,42.37411,-82.94127,$$,48215,1
nDB0jMujCkdoGSqnGEEt9Q,The Sprout House Natural Foods Market,58,5.0,42.38191,-82.93947,$,48230,1
ujhXNfnp6M4L6lRmybhiBg,Salvatore Scallopini,83,4.0,42.42646,-82.90989,$$,48236,0
S4425OWYkTTqcZ8PceVcmg,Capers,148,4.0,42.44052,-82.97356,$$,48205,1
3YaM1Oc7Ps1HR2w27os0vg,Flamz Pizzeria,18,4.5,42.4032,-82.9384,NA,48224,1
goP-GlikJtOkw2nCBP2aig,Royal Eagle Restaurant,57,4.5,42.44142,-82.94417,$$,48225,1
ozSnCFz_IHNL_kbh_yDuug,Jumps,87,4.0,42.39479,-82.90405,$$,48236,0
D_q90_VQSf_K-P3EwW6hDQ,Lyla's,45,4.5,42.43374,-82.90859,$,48236,0
YcA7_wMfFVgbngjbFy3lYQ,La Cina,57,3.5,42.39666,-82.92104,$,48224,1
0Z5bdnAbiXYxRx8jdvb9kA,Red Crown,265,3.5,42.38243,-82.93861,$$,48230,1
Z4aKrHqDLYecrTq8YJSh0w,Ferlito's Restaurant,115,4.0,42.44473,-82.90705,$$,48236,0
UkfQSu-bTT_q99nR19uDig,Mack Avenue Grille,84,3.5,42.42976,-82.90952,$$,48236,0
P9v9Lj_wd_JzhyhBAhIluA,Cafe Nini,38,4.0,42.39511,-82.90268,$$$,48230,0
HgIlusVTW40O6TK5KgU9Sw,City Kitchen,83,3.5,42.38936,-82.91817,$$,48230,0
1mBcZvGt5mZcXl9VVMRORQ,Bucci Ristorante,110,4.0,42.4358,-82.90862,$$,48236,0
5elj2P2Wg-DW77yAAHXOWQ,NoorJahan Indian Cusine,89,4.0,42.44278,-82.90752,$$,48236,0
XYGjF1eDmFQze042Dh2yYg,Telly's Place,81,4.0,42.44548,-82.90695,$$,48236,0
DGmpRv6ZexzGUwUPGXcUoA,The Cracked Egg of Grosse Pointe,70,4.0,42.3884,-82.93986,NA,48230,1
WupCwSUy1u4X9ngF4z851w,Mimi's Bistro,66,4.0,42.37659,-82.93467,$$,48230,1
OdOc7THMVhUt2EyegEwLAA,Saffron De Twah,67,4.5,42.37633,-83.01584,$$,48213,1
K9R1o1gpIndePCpl3QxaQA,Al Haramain International Foods,14,4.5,42.39178,-83.0561,NA,48212,0
78JCvxAcHtFc3EiFMa_vJQ,Ivanhoe Cafe - Polish Yacht Club,35,4.5,42.36859,-83.03903,$$,48211,1
jVNObft81N2-eUSOGyHAnQ,Little Caesars,8,5.0,42.40226,-83.06127,$,48212,0
VZAeI1RL7CCbuCQikmtZEA,Raven Lounge & Restaurant,29,4.5,42.36691,-83.04186,$$,48211,0
dtME7qJzYd41dO9Ovh0yTw,Tahama Sandwiches,6,5.0,42.3995,-83.05095,NA,48212,0
TfLHbgnlrykpWDN7C885Gw,Loui's Pizza,504,4.5,42.4639,-83.08432,$$,48030,1
vFXrZytaj9zaj1NIXRI74Q,Haney's Family Restaurant and Catering,77,4.5,42.47318,-83.02767,$$,48015,1
Xt8Q9Sf9D6QGUsGsoZMFHw,Marcus Hamburgers,22,4.5,42.41945,-83.03727,$,48212,1
4He1z93opbWWWnIni45gxg,Warren Kabob,58,4.0,42.45903,-83.02627,$,48089,0
bBt-mgBC7RixOzMqy646Bg,Sorrento Pizza,44,4.0,42.46298,-83.02175,$$,48089,0
CS2DNATdAhWPTI4OPlruBQ,Siam Cuisine,29,4.0,42.46302,-83.03082,$,48091,0
_GuIGVAdW7GnbpPpXYzTiA,Curry Express,57,3.5,42.46261,-83.06518,$,48091,0
cD614Z8ZjQ68-y-E8naVtA,Southside Grill,26,4.5,42.46249,-83.07452,$,48091,0
bV8M-9pLwyDJvtPmLJrnjA,Brayz Hamburgers,72,3.5,42.46158,-83.0843,$,48030,0
3f8_soJYK6o420mY700v8g,Louie's Ham & Corn Beef Shop,38,4.0,42.46314,-83.00821,$$,48089,0
yflSDUkLEhjCu4isq123UA,Daawat,20,4.5,42.46322,-83.03106,NA,48091,0
RMBaV_efjmQJ4u41IvaHiw,Lou's Coney Time,10,4.0,42.43382,-83.04292,$,48234,0
Syh1N9P3a4Y0dhMgTmiQyg,Motor City Sports Bar & Grill,20,3.5,42.45223,-83.04489,$$,48091,0
MvlUsx4wyiHyGX5mycp_3A,Country Boy Restaurant,77,3.5,42.46183,-83.09704,$,48030,0
veN1m3_TBXmRnNuYYrDAlg,Bonoful Sweets & Cafe,26,3.5,42.4075,-83.05625,$,48212,0
iuilLKW48efHjTs0jbwpkA,Sunrise Coney Island,24,4.0,42.46282,-83.02712,$,48089,0
MOIgpB1JIQKNqtD5YOSt6A,Classic Coney Grill,33,4.0,42.46953,-83.08445,$,48030,0
QpbnyYzDR4k9w3O7y-1fgA,Ali's Pizza,15,4.0,42.40507,-83.05393,NA,48212,0
Mtg_-e9MnOD6GEk5jNyKnQ,Eddie's Pizza,14,4.5,42.46497,-83.06477,$,48091,0
FJNSHS_IVhPsesHvQdmnHQ,Nicky D's Coney Island,31,2.5,42.44831,-83.04465,$,48091,0
KCYKlUoRCVqquVE-GAbACg,Ham Palace,4,5.0,42.41776,-83.05476,NA,48212,0
gtp5fo_i6pFBXOZ3W7Rh6w,Louie's Ham And Corned Beef,121,4.0,42.35318,-83.04241,$,48207,1
H5EYLkJjovKa1svLDX504w,Epicurus Restaurant of Wayne state,35,3.0,42.35614,-83.06563,$,48201,0
mh-loeIfNqPWE9pgLAXqoA,Campus Diner,28,3.0,42.36051,-83.06892,$,48202,0
Zzb3BN38jIb1JuFD444XxA,White Castle,20,3.0,42.36828,-83.07178,$,48202,0
bj91BZDt44jIE_1DCDrU_Q,Roses Fine Food and Wine,328,3.5,42.36402,-82.97734,$$,48214,1
T7ZPv-Z6YBcAWz0IfNa4Dg,Summer Palace,68,3.5,42.38224,-82.93904,$$,48230,1
ytyqOjCkhFkzJlKn5GantA,The Bricks Pizzeria,61,3.5,42.38191,-82.93985,NA,48230,1
tSol6Cjo0jPp_T2VDnY1qA,Yellow Light Coffee & Donuts,43,4.0,42.37358,-82.94344,NA,48215,1
aiBjddpwyWuf1QDCyBEX1A,Stache International,152,4.0,42.34488,-83.03881,$$,48207,1
hSFWPlmHvawBuLAQc0Aqhg,Sala Thai,221,3.5,42.35055,-83.04295,$$,48207,1
ugEYip5rjBSxlwfpjmKzvg,Milano Bakery,107,4.0,42.35251,-83.04341,$,48207,1
0kfdp9bKX4eB6UwzJcEpvg,Beyond Juicery + Eatery,94,4.0,42.34598,-83.04056,$$,48207,0
tIHUAoxlyX-L3JddTNwKvw,Vivio's Food & Spirits,208,3.5,42.34607,-83.03867,$$,48207,0
6yyo6OtUpDir_Z9PxsmRyg,Cutter's Bar & Grill,94,4.0,42.34836,-83.03763,$$,48207,0
P7RxKoVn1xGwQuFzukGGpw,Zeff's Coney Island in Eastern Market,102,4.0,42.34553,-83.04008,$,48207,0
rc9pqNHiV_PFZrv8Qn0xnQ,Trinosophes,76,4.5,42.34431,-83.03762,$,48207,0
biGk_BuSKSHO2isLNJFj6A,Amore da Roma,104,3.5,42.35108,-83.04182,$$,48207,0
OoR8fTYB1atOa9V8OYytng,Farmer Frank's,41,4.5,42.34675,-83.0393,$$,48207,0
keILszaEtKOsvaNyHcbC9w,Little Caesars Arena,263,3.5,42.3406,-83.05484,$$$$,48201,0
pYd5Z0xD0x_xVg7dNUlK6Q,Frank's Deli & Grill,41,4.0,42.35063,-83.04353,$$,48207,0
RYxXBba98PRqasYkmibFEg,The Red Hook,82,4.5,42.35522,-82.99706,$,48214,1
2-IrpRtjy29DjK69gCfC6A,Belle Isle Pizza,77,4.5,42.35106,-82.99576,$$,48214,1
_YhGeOoTH-IcauFGGXEYQg,Mumma Maria's House,45,4.5,42.35894,-82.9979,NA,48214,1
V4by95-R4Lx9Kgz4mjRrLQ,Bucharest Grill,210,3.5,42.33859,-83.02126,$,48207,0
FJkrTufLT0Q3dAvohruqYg,Le Petit Dejeuner,248,3.5,42.34424,-83.00775,$$,48207,1
2-Skd1157bodoslgf-61Vw,The Rattlesnake Club,190,3.5,42.33594,-83.0169,$$$,48207,0
AejD88NtGNyy4C1cS_vg2A,Andrews On the Corner,92,4.0,42.33669,-83.0181,$$,48207,0
39xIvLftmPsvJ27XJaJWhg,Bai Mai Thai,151,3.5,42.33854,-83.03299,$$,48207,0
Kv2nRqdFIk7LZJ5ysuanOw,Ivy Kitchen + Cocktails,84,3.0,42.35858,-82.98535,$$,48214,1
pf325w600O3YXpcgznnmRQ,Sindbads Restaurant & Marina,170,3.0,42.3581,-82.97394,$$$,48214,1
bFmP_S4NUUKNIQ-RPhOV-Q,Legends Grill,26,4.0,42.36644,-82.97232,$$,48214,1
lmpNZQrwlzqkh6QHO50PQg,Southern Fires Bistro & Lounge,96,2.5,42.34749,-83.00804,$$,48207,1
AAMmct3aY1QIJ9uwoOjHTA,Jet's Pizza,56,2.5,42.3425,-83.0112,$$,48207,1
wwF7pJL6xQnhNLCE_LAtjQ,Pekin Pavilion,19,3.5,42.34658,-83.00388,$,48207,1
0elfv5UgBtK9DBV61Ae3RQ,Metropolitan Bar And Kitchen,3,4.0,42.35557,-82.99661,NA,48214,0
eKuD5gh8tCkTyuVgaUcEOA,Tai Hing,20,2.5,42.35785,-82.98621,$$,48214,1
1E6uCpSBuH9YkPo0ItPL2w,Detroit Grill & Chill,8,3.0,42.35222,-82.99485,NA,48214,0
BIiZyky2ls9U69LjILdvIQ,Gabriel Hall,1,5.0,42.35824,-82.99951,NA,48214,0
jTqQ_DhPLC3vpqqV8Ae4Jg,McDonald's,34,1.5,42.3567,-82.98784,$,48214,0
DY3PIwDskDu7oLKX3gXdSg,Wendy's,17,2.0,42.34574,-83.00614,$,48207,0
NknTblUWQts1DgXSqlEd5g,Grandy's Coney Island,7,3.0,42.36121,-83.021,NA,48207,0
91psX_53qVtaqcQh626S6g,Krispy Krunchy Chicken,2,5.0,42.34795,-83.00093,NA,48214,0
MtD2Xkq7iQxmPecL7FvL-Q,Peking Express,16,2.5,42.34236,-83.01156,$,48207,0
rCJy-mnBSNoenI9LPT-ukA,Little Caesars,2,5.0,42.37579,-83.01685,$,48213,0
qbvLeHreri0RvGPmeaag6Q,Happy's Pizza,20,1.5,42.34389,-83.0086,$$,48207,0
06ej_eKyW6Jc1XDiZ7JayA,Planted Detroit,1,5.0,42.34706,-83.01203,NA,48207,0
9WC497MP3n4Kh_ig9qJRdQ,Church's Chicken,3,2.5,42.34697,-83.00342,NA,48207,0
Zk0_qY_cgj8KCs3U0Xw0IQ,Little Caesars Pizza,7,2.0,42.34506,-83.01065,$,48207,0
2pPdvjN4QPkis2MO0cchag,Wendy's,6,1.5,42.3782,-83.01448,$,48213,0
Hru5n3fFGceJJxAUMNwrCw,Palace Pizza,1,2.0,42.37882,-82.97963,NA,48214,0
eyTs8krrImrkadaRdwWmmQ,Hungry House,2,1.0,42.37876,-82.97975,NA,48214,0
vxACfOEguLQNVT9BdSGx7g,21 Flavorz Express,1,5.0,42.37899,-82.99127,NA,48214,0
sr7sHEubfZ8pwYNKVFg6iQ,Coriander Kitchen & Farm,32,4.0,42.3596,-82.93223,$$,48215,1
C_s46ulC1rUe2Ams-vRMbg,Fairfax Quality Market,23,4.5,42.3739,-82.93366,$,48230,1
_XStA4s3fMi6ouzvMDeyYw,EastEats,44,4.0,42.36945,-82.95727,NA,48215,1
Wh-E6mYRfYW850vhZsTCiA,Dynasty Chinese Food,22,4.0,42.37036,-82.9481,$,48215,1
iy_NrKxQgr6swwfSQ7vYAw,Bayview Yacht Club,7,4.5,42.35597,-82.95232,NA,48215,0
XZyAllYZ3p9q-56_e_KOxg,Detroit's Finest Coney Island,28,3.5,42.37154,-82.94881,$,48215,0
HZqmb5Vac2ZpVh8yFTM3vQ,Buscemis,26,3.5,42.38193,-82.93941,$,48230,0
iDaKCrOowR3SUfVyQTp0jA,Gingerberry,6,4.5,42.36988,-82.95699,NA,48215,0
3VCEDpPq4J0lUU8HE_rw8A,Hungry Howie's Pizza,23,3.0,42.37668,-82.9347,$,48230,0
T0SbPak3C3CCnOljAPlqvQ,Joseph's Coney Island,7,3.5,42.36976,-82.95826,NA,48215,0
YOecYtIN7OZvzOZs8qzsTA,The Drunken Rooster,9,5.0,42.311,-83.0943,NA,48226,0
gnSrkxXoAbqiOidDQWFQcQ,Subway,2,2.5,42.3744,-82.93964,$,48215,0
fj6oIx4uo8Jzbnzcw1qgYA,Motorcity Smoothie,1,5.0,42.36994,-82.94977,NA,48215,0
qUmWOX1osxZWLr1ppU_JDg,Subway,1,1.0,42.37431,-82.96624,NA,48215,0
tu2YJ9ZTsLyJURPwM0HQAw,Shimmy Shack,26,3.5,42.46059,-83.65161,$$,48178,0
Xt3Rct7snosY5LmTysWHJw,Pita Cruiser Food Truck,1,4.0,42.2805,-83.75035,NA,48104,0
Wp_EGDpkEzNgrnJkgWTBzQ,Mabel Gray,495,4.5,42.46765,-83.10456,$$$,48030,1
9rqmoNhTI5Sd7zI2UYe-mA,Tai Fai Restaurant,438,4.0,42.45988,-83.15765,$,48237,1
4sOMeUSY_mMPmjCaIYsdWw,Toast,659,4.0,42.46409,-83.13653,$$,48220,1
aZS1KDWQ7alvztYG9dQDNw,Christine's Cuisine,346,4.0,42.46131,-83.12403,$$,48220,1
sUPyMKRowXDpESjkUubd9A,The Jamaican Pot,322,4.0,42.44485,-83.19119,$$,48235,1
jMTOoUFxPhl9f1G_xeBr3A,Culantro,199,4.0,42.46189,-83.1359,$$,48220,0
EUidam6Za6b9jVxuuQi7lQ,Voyager,318,4.0,42.4613,-83.12578,$$,48220,0
lSr8zKZBf1g9nHXaHOtAAA,Howe's Bayou,320,4.0,42.46129,-83.13427,$$,48220,0
KFuYcqo2NZFzV7G1mQsuiw,Buena Fe Restaurant,105,4.5,42.46049,-83.16381,NA,48237,0
FGPQd8GdG1zy7X0r1kaDIg,Inyo,398,3.5,42.46103,-83.13521,$$,48220,0
M2-p4rlHt5aIvdn4YS2XKA,Framebar,202,4.0,42.4679,-83.10441,$$,48030,0
a9OZWzwFFLHJyDORld11yQ,SugarBuzz Bakery,31,5.0,42.4638,-83.13722,NA,48220,0
FSQb3qrgjdufnYZ9F5wh1w,Sonny's Hamburgers,41,4.0,42.38621,-83.23694,$,48223,1
R8rjbnVh0s__2wTQB7uaBA,Chita's Nefertiti Bar,4,5.0,42.39487,-83.20344,NA,48227,1
3DpaDXWDty9XI-Pg9PwIdw,La Kabob Grill,18,4.0,42.40217,-83.22431,$,48223,1
pmzHgXQOQB3HdXPzB4T9Zg,Detroit Vegan Soul,141,4.0,42.40786,-83.23518,$$,48223,1
2CJJJ7KEsoLiKqqaUbyxBQ,Tubby's,3,3.5,42.397,-83.2095,$,48227,1
E7C5Nl-mQto97FngzQe_Lg,Burger Grille,10,4.0,42.38672,-83.19894,NA,48227,1
NbhUi8rqcT6R6haf7EDNUQ,Yoshi Hibachi Grille,45,3.0,42.40165,-83.18831,NA,48227,1
-Rewm0oJJ3RBkrPcBI7eYQ,Universal Coney Island,4,4.0,42.39447,-83.20351,$,48227,1
pwA__WzEw6LzbmjKE-icHw,Metro Fresh Fish & Seafood,7,4.0,42.40264,-83.22218,NA,48223,1
W4VWHrZgTgCmy1dLISmFsw,Golden Wingz,10,3.5,42.3963,-83.19908,NA,48227,1
xVcK7aGaMNtOv8h0HxKG-Q,Omega Coney Island No 2,11,2.5,42.40131,-83.21882,$,48223,1
drUjUWyusEuZvhVeuGrqDQ,Little Icy’s Luncheonette,3,5.0,42.4069,-83.22361,NA,48223,1
BOH97tJhGw12fr8VfoyuFA,Panda Chinese Restaurant,9,3.5,42.40186,-83.22425,$,48223,1
CIyImQrybeHGKj4Efq4t7w,Papa Pizza,4,2.0,42.39665,-83.20895,NA,48227,1
09V2oU1CYUku_HeP3cZatQ,All Star Fresh Fish and Seafood,2,5.0,42.38611,-83.19828,$$,48227,1
k-OoEQ0B8cQ1hVEi74q3zw,Checkers,4,2.5,42.4,-83.21573,NA,48227,1
Z_u1_l7aB825Zh091cZzQA,Bread Basket Deli,7,2.5,42.3932,-83.20006,$$,48227,1
5-VU2O6Z3Ey3VDIKr5BP1w,Rikshaw House,3,3.5,42.38992,-83.19857,$$,48227,0
CPEe3-d4sZJPGYFIXF8-NQ,White Castle,4,2.0,42.39996,-83.21716,$,48227,0
4WQoC1vtn3K5a4v_6mBh6w,Big Star Fish & Seafood,5,3.0,42.39421,-83.19919,$$,48227,0
NeUYSnp-S3V1ifpnpfS7lA,Fish Express,8,2.5,42.40245,-83.22293,$,48223,1
GW9_ntRL-mDwE-liTVSpoQ,Wendy's,2,2.0,42.39916,-83.21388,NA,48227,0
p4sWrgaodM7F-dOnK-IrgQ,Popeyes Louisiana Kitchen,10,1.0,42.40047,-83.21672,$,48227,0
8wDvCv3vVM6XOiEhqHKStg,Mama DeLuca's Pizza,1,4.0,42.40203,-83.22112,NA,48223,0
oWx2b1nKPuxWNodioyUUNw,Cosmos Coney Island,3,2.5,42.39507,-83.19875,NA,48227,0
4MwMnJA0ROp5xQMhJNoXvw,Something Good AKA Chef Dee's,2,4.0,42.40152,-83.19016,NA,48227,0
gy9ySCCB3Y12CSZLCw3Xpg,Spudz & Clucks,6,2.0,42.40272,-83.2225,NA,48223,0
awo8NOEYrg72HOBHFjGZzA,Great Wall,6,2.0,42.3918,-83.19846,NA,48227,0
wr7-2B_KddfulqTG3SJw3Q,McDonald's,12,1.0,42.40171,-83.22174,$,48223,0
zqixFArnA1d9SaFBpDYQ_Q,Subway,4,2.0,42.40214,-83.22116,$,48223,0
4CCPFtzPQJyd3AHVn4bMvw,Sky Bar and Grill,2,3.0,42.40175,-83.19734,NA,48227,0
KrxXZV6Zw0WUej8xfcXPCw,Billy Coney Island,4,3.5,42.38606,-83.23275,$,48223,0
q7yY6UxFHPOh0pjj8d6Fkg,KFC,6,1.0,42.40149,-83.21752,$,48227,0
DC1knF-PnQNyYkx9UYpgoA,Little Caesars Pizza,4,2.0,42.40532,-83.22888,$,48223,0
Rr9nwd68EJv12gUtEEWiQQ,Detroit Lets Eat,1,5.0,42.39164,-83.19862,NA,48227,0
vLG-7nzs6y4KzKwK-FeYoA,Topey's Kitchen,1,5.0,42.40128,-83.18962,NA,48227,0
I0azTjfLxXByaMb1e8YIwA,Little Caesars Pizza,1,1.0,42.39191,-83.19852,$,48227,0
PaNndLMMXKzfVACWqgk0ZA,Subway,1,1.0,42.3868,-83.19749,$,48227,0
GR0bx8VVkuI5ipLv28Pn6w,Burger King,4,2.0,42.41204,-83.14097,NA,48221,0
a9hLP0J0AUjG3LQcjsWD8A,Manhattan Fish & Chicken,3,1.5,42.41479,-83.14115,$,48221,0
pm3jXWAZfmH7eJ04y-dQVw,Grandy's Coney Island,4,3.0,42.3949,-83.11601,$,48238,0
SGNikTeDbceMGx9LvHfuNQ,Manhattan Fish & Chicken,2,1.0,42.41501,-83.14099,NA,48221,0
TEurEwsxYvnkKOkdjkhIyg,Church's Chicken,2,1.0,42.41023,-83.14013,NA,48221,0
O4OVkaGi4IhugrtMYPf_lQ,Great Lakes Fish & Seafood,1,2.0,42.43249,-83.10462,NA,48203,0
M6xt8kBsdZg0mkfN6fanNQ,Loaded On The Go,2,3.0,42.41799,-83.10939,NA,48203,0
CfvvD0oCZFHwwMvWhaEnMw,Sweet Potato Sensations,131,4.5,42.41715,-83.25789,$$,48219,1
qERY1Esz9ZH9p2lwzFBIuA,Maty's,107,4.5,42.41536,-83.25543,$$,48219,1
jUUJPLDNzBmuT4DFX1taaQ,Scotty Simpson's Fish & Chips,232,4.5,42.40031,-83.25935,$$,48223,1
wwYjG8fCQq2seImBV9SVKQ,Central Park Deli,105,4.0,42.44711,-83.25861,$,48033,1
BzNvyuZTAboVExATIgVN-w,Bob's Pizza Palace,53,4.0,42.42976,-83.24481,$$,48219,1
wOzDSvGal6Zp0Hh1Df-5Sw,Le Culture Cafe,214,3.5,42.44244,-83.2861,$$,48219,1
Fxf45YINvhafoNaZTiCb2Q,Jamaica Jamaica Restaurant & Bakery,59,4.0,42.43027,-83.21587,$,48235,1
bGQ0-HPCqNXO66GayfFbvw,Sandy's by the Beech,97,4.0,42.39924,-83.29707,$,48239,1
M07cagyauYeLh7rl04Duyg,Crab House,80,3.5,42.42934,-83.23714,$$,48219,1
u0iAwdI1BaxpwGinl2hffw,J's Cafe,29,4.0,42.4121,-83.24732,$,48219,1
kCqXITW-ledomcpgNYVLCA,Mr. Corned Beef,28,4.5,42.42977,-83.21859,NA,48235,1
F9642isPBMtRJ2iTPP-CVQ,Omega Coney Island,25,4.0,42.44308,-83.26531,$,48219,1
WwUMBdptIRP4VtjUBeV4-g,Mama Mia's,62,4.0,42.43184,-83.29754,$$,48240,1
HLD0zjc55WkqJnGkIaPy_g,Murphy's Restaurant,45,4.5,42.39915,-83.29858,$,48239,1
0tsUJtIkH3bvLXofqaMJUg,Old Redford Kitchen & Cafe,15,4.0,42.41606,-83.25708,$,48219,1
p5Os_3p-fCxMMavIdCADFQ,Sun China,64,3.5,42.4137,-83.27759,$,48219,1
D8ZpSxAo8theCD0LRTjIXA,Detroit Wing Company,89,4.0,42.46183,-83.20139,NA,48075,1
n_SyipregWRQ2NZaUfAKxA,Kalahari African Cuisine,9,4.5,42.42935,-83.23673,NA,48219,0
ybuor3Z5MS-UnpLoVKmZfg,Original Wave's Inn,14,4.5,42.41047,-83.24216,$$,48219,1
VPk6EgZSMm90O_C6w9f0JQ,"DeAngelo's Soul Food, Deli, & More",34,3.5,42.41873,-83.27783,$$,48219,0
5yis21fUPRU1ZhEKJYxSEg,Kabob Bistro,22,4.5,42.41362,-83.29821,NA,48240,0
I6IxoTP-U599hn4iWNuErw,JJ Fish & Chicken,22,3.5,42.44345,-83.24249,$,48219,0
5cMaXDgM2OzPKM2ZfWSPBw,Pasta Bowl Restaurant,68,3.0,42.41542,-83.21334,$$,48235,1
A4QJ29pD2y36Hv0WvK7_sQ,Spud Headz,39,3.5,42.41602,-83.20908,$,48235,1
rSy2DnF6r0OeInT-zqFbog,Happy Garden Restaurant,39,3.5,42.41426,-83.29718,$,48240,0
0j21UAZDQB8gpjNUxVKhOw,Lou's Deli,72,3.5,42.45835,-83.20193,$$,48075,0
ZbyanL_LyTZGRZvct6c4qA,Island Spice Caribbean & American Restaurant,20,4.0,42.41575,-83.22026,NA,48219,0
n34nBZN7ZRejrFpDPaAv-g,Fat Kats,22,4.5,42.40154,-83.29635,$$,48239,0
yUdTlO_NTDajlzbmW5u5wg,Five Guys,63,3.5,42.46242,-83.20189,$,48075,0
u2-Xe5sgyz2tKZ-5Nktrfg,Redford Grill & Bar,61,3.5,42.39986,-83.29614,$,48239,0
w6xRi0VaCAnHURS4TMrdAA,Hollywood Coney Island,22,3.5,42.40982,-83.2401,$,48219,1
6qyx0oX24HBcXP1BdeHM7g,Stackerz Deli,18,4.0,42.45903,-83.26018,$,48075,0
5OcMqTqgwzbtwvg5csnatQ,Sweet Asia Cafe,64,3.0,42.45606,-83.2778,$,48033,0
f_M8sLfagNmA0a5icR2Z2Q,Savvy Sliders,25,4.0,42.39572,-83.27729,NA,48239,0
8fsoP7bqq275TAtBCiL3UA,Nicky D's Coney Island,28,3.0,42.44351,-83.23986,$,48219,0
qqqkuLryPghX9PUHaKlQhg,Olive Leaves,35,3.5,42.45637,-83.27806,$,48033,0
ZEUAVPf_T5Fg1PIgGY5h-Q,Views Bar & Grill,28,3.0,42.42533,-83.2785,$$,48219,0
val3tNOpk8wpChpUPNcvuw,Napoli's Pizzeria,25,3.5,42.41439,-83.28681,$$,48240,0
WqxC0U039e-GwdfCge0x5A,Duffy's Den,4,5.0,42.41454,-83.2855,$$,48219,0
pvLpFthZBk-1ZfxVKBkGYw,China One,12,3.5,42.42963,-83.27819,$,48219,0
3I0VwBgW2WLEltwbEQIbzA,Honey's,8,4.0,42.41034,-83.24147,NA,48219,1
y5AL0JsM9nBE5gKNiPPAdA,Nu Wave Fish & Chicken,13,3.0,42.44278,-83.25819,$,48219,0
0e2Eud7o80m00AZYPOiyvw,Rocky's Coney Island,4,5.0,42.41408,-83.28372,$,48219,0
jxdaVDSNfJPo_uMzS0rV5g,Shrimp City Detroit,7,4.0,42.42976,-83.21833,NA,48235,0
DFyJW57Iq0BCHXVGGeiOLQ,Royal Grill Restaurant,14,3.5,42.41558,-83.20528,$,48235,1
RSWKwg1NpJM0cXJ1NSdn6A,Chops Grill,6,3.0,42.41079,-83.24397,$$,48219,1
kepsr0pfdUCDCUryiVO9Sw,Cajun Boiling Crab,6,3.0,42.41493,-83.23724,NA,48219,0
1Jd2xqpaEfkEy_rgaBu7AA,Good Cookies,2,4.5,42.41523,-83.22824,NA,48219,0
595-pTmx0drxpJz7qDcY8Q,Cheng's Garden Restaurant,6,3.0,42.41538,-83.22031,NA,48219,0
sB8FOA408UgoDiLNiBClRw,Domino's Pizza,35,1.5,42.41559,-83.20484,$,48235,0
nnkz6gig4zrtJaiz0wdZHw,Street Cuisine,5,2.5,42.41509,-83.23725,NA,48219,0
ZhjZgjTNFwYX4E8xXS7mZg,Church's Chicken,6,1.5,42.4149,-83.23656,$,48219,0
X4ikR9vE8eT4SbRCh71z-w,Detroit Taco Bar,4,2.5,42.41563,-83.20778,NA,48235,0
aOa4v72iQ59OyNhLTZ_ssg,Burger King,5,1.0,42.40959,-83.23943,$,48219,0
pUazo9hE74hzrU1NFKLs3Q,Asian Corned Beef,42,3.5,42.43096,-83.19296,$,48235,1
7b_SbLC3pEMjJigqXDsflw,Detroit Shrimp and Fish,25,3.5,42.43964,-83.19585,$$,48235,1
WZOVTQ1FW7HTn_oCJRQrww,Mighty Wing Shop,49,3.0,42.44049,-83.20031,$$,48235,1
4pUgLn17JzKIdZt_Yco0Ng,Sweetwater Express- Detroit,41,3.0,42.41619,-83.20153,$,48235,1
DzUMlJhgpWRq5Y5kiIFiCw,China One,6,4.5,42.43104,-83.18075,NA,48235,1
K5YajdRRkBuK0iPioSxXnA,Sweet Soul Bistro,45,2.5,42.41631,-83.18172,$$,48235,1
OpH6PRNM1PiXc4nsk9PDBQ,Louisiana Creole Gumbo,16,3.0,42.43085,-83.17953,$,48235,1
xdPfZTg0XJXnim_5RtBXxw,E & S Carry Outs,10,4.0,42.41686,-83.17752,NA,48235,1
13UQQOBl89hVELZTW6Uopg,Great Lakes Sports Bar,9,3.5,42.43023,-83.21635,$$,48235,0
LA8IrTNQbVCDVR-obp5bIQ,Wild Wild West Wings,13,3.0,42.41567,-83.19999,NA,48235,0
z6CPCbzYSp0Er8iWKCWPrw,Fat Boyz,12,2.5,42.43008,-83.20441,$$,48235,0
t9_GilZAn-rCx-uabxa_0Q,Mr. B's Soul Food,26,3.0,42.41587,-83.21569,$$,48235,0
nlK2C5FmKAn9YRlU1DJ1bg,Nicky D's Coney Island,5,3.0,42.43015,-83.19948,$$,48235,0
BjMPsMSwjI-ke89jXqVi9A,Encore Lounge and Grill,4,3.0,42.42995,-83.19863,NA,48235,0
rXO7pK6BYxaNyGPkKM46PQ,Golden Bowl Chop Suey,13,2.5,42.41648,-83.1772,$,48235,0
Xf6HOKmY6UU_KtI7lQFCgw,Wendy's,5,2.5,42.43051,-83.18808,$,48235,0
U8cAPKkt43o0I8hrPL6x1Q,Olympia Coney Island,7,3.0,42.41572,-83.19851,$,48235,0
CwOi-5owDhYyahsNvoTxIg,Lon's Coney Island,4,4.5,42.42984,-83.21534,NA,48235,0
N1F4T5N1lXWWbCO35R26qw,Subway,2,3.0,42.43118,-83.18667,$,48235,0
_S6oBdJarmh4bIwhFjCQVw,White Castle,14,2.0,42.442,-83.2007,$,48235,0
YoEN-VoKsNbEUdUQTilKYw,KFC,3,2.5,42.4306,-83.1855,$,48235,0
92CzYfPpcPV9mI0xab_3JA,House Of Gumbo,3,3.5,42.41599,-83.18002,NA,48235,0
xmhlyGWZuatlyN_nmcz8IQ,Sliders 313,2,4.0,42.41686,-83.17688,NA,48235,0
IZJU2hHktz6yMvSvzC_ykQ,Happy's Pizza,11,2.0,42.41499,-83.1791,$,48235,0
L6uFCK5UBgXpwV1XKKmwdw,Los Chapos,2,4.0,42.4299,-83.2185,NA,48235,0
D55cn4nLaTeAt3smJtiYUQ,McDonald's,12,1.0,42.4312,-83.18582,$,48235,0
hHk7Pc2hGORfS6X9NulHjg,Sinai Grace Hospital Cafeteria,1,4.0,42.419,-83.18293,NA,48235,0
8a-apCQPY5lxdsRDmKqA_A,Seven Mile Shrimp Palace,1,3.0,42.43034,-83.19802,NA,48235,0
mKVmZXfCcTo93yDw8GUOzA,Taco Bell,3,2.5,42.41568,-83.20102,$,48235,0
-ZXwBcWPFoP9NdkZC_P7oA,McDonald's,13,1.5,42.41632,-83.20033,$,48235,0
JkQ-hGG8Ds74Y6hOGgmKuQ,Err'Thang Smoked,3,4.5,42.41631,-83.18539,NA,48235,0
r4hjY8ExU81e0UK5_S_5vA,Tubby's Sub Shop,4,2.5,42.44559,-83.18288,NA,48237,0
F_yjmNxW3vt_tg9B5uY1aA,Chef's Corned Beef House and Coney Island,2,2.0,42.43113,-83.18068,$,48235,0
onItx4rH0k1tzly2Mrcldw,Nu Wave Fish & Chicken,4,1.5,42.41634,-83.1889,$,48235,0
HZ-QuOaeaVgQsJeR3U_1jQ,Olympia Coney Island,1,2.0,42.43031,-83.19923,$,48235,0
mURau2Lec6wdp5tEKGFcYg,Beirut Bakery,150,5.0,42.38567,-83.29437,$,48239,1
J0ngl_R1bdpHi-44olMtqw,Pho Lucky,251,4.5,42.35716,-83.2734,$,48239,1
VLFbfVx0MJ9TfGZ1xPNxBA,What The Pho,257,4.0,42.36992,-83.31494,$$,48150,1
TGpIkv8F3f6e_s2sYbt1PA,MOD Pizza,198,4.5,42.37989,-83.33371,$,48150,1
IljjPJU2OoJTwlo_pcjPjQ,Detroit Pizza Factory,145,4.5,42.35436,-83.27493,$,48127,1
lKBAx6m98DjwSbCNW_zkPw,Mama Mia,153,4.0,42.3699,-83.31697,$$,48150,1
yPXhyb86z8no7fnCjZ5ETg,Kabob Inn,119,4.0,42.356,-83.27377,$$,48127,1
V7yaP7c1C52psr_DVcpoDg,Lefty's Cheesesteak Hoagies,302,4.0,42.41223,-83.33557,$,48152,1
GWk7IyOiJHSFBxEVxDz6hg,Original Gonella's,34,4.0,42.36811,-83.27584,$,48239,1
itsEoa16txYJzTpeKvSqbQ,Amico's Pizza,54,4.5,42.35575,-83.32188,$$,48150,1
Yl32TEU70kcFpc9-_ZGFEg,Shawarma Island,34,4.5,42.37052,-83.30921,$,48239,1
ssk-4cU-KTi2jXo7fOA2Rg,Lila's Pierogi,35,4.5,42.39826,-83.3211,$,48154,1
mJPNvc8CLI_YyhorgSPfZw,AlJoom's BBQ,38,4.5,42.35525,-83.27385,$$,48127,1
4T0LDsGv6NEl52D8InENyw,Wing Snob,115,4.0,42.39848,-83.32502,$,48189,0
aHGXI9DSilQwA4BorZxQuQ,Frank's Diner,39,4.0,42.37117,-83.29393,$,48239,0
vW7c8GRRURchNKp_6J3jcA,Burger Shack,59,4.0,42.35526,-83.27396,$$,48127,0
BZ0Byt1LDotmcYNWfv3I8g,Szechuan Empire,131,3.5,42.39792,-83.33349,$$,48154,0
vOUXnomHe1IbAf2HerJ9UA,Mr Chicken of Redford,38,4.0,42.37027,-83.30485,$,48239,0
GFCZRLGlq1SB-H1V2ILvvw,Leda's Coney Island,42,4.5,42.39737,-83.33666,$,48154,0
OBm6duFw89gNKm_TypaUBQ,Louie's Pizza Express,20,4.5,42.35707,-83.29349,$,48239,0
7smzsexiNncwLxEynK1AhA,Wingstop,100,3.0,42.38437,-83.32469,$,48150,0
O3cvWH7uQ_IQu08lE_5eSg,Oasis Mediterranean Cuisine,92,3.5,42.36901,-83.33447,$$,48150,0
7lq-cS5i6VEK-t2WKI5AGA,Red Ruby Restaurant,53,3.5,42.35567,-83.27468,$,48127,0
m6h4qUOR4zAE5x--DlSnBA,Culver's,56,3.5,42.38012,-83.33138,$,48150,0
bHrZdKmstB7GmxcEIdPMOg,Marko's Cozy Diner,56,3.5,42.37043,-83.31119,$,48239,0
fT4M65A8uI3crv_--MskEA,Wine Palace,39,4.0,42.38496,-83.33445,$$,48154,0
IADVz2xN4RSi3UiWi7CtMA,Bread Basket,106,3.5,42.36822,-83.33255,$$,48150,0
_pDPyxaFrAq7FUEmy-vfcA,Steve's Family Dining,79,3.5,42.40293,-83.33408,$,48154,0
MI-ZLWp-PnFqhzaS0sabCg,Chin's Chop Suey,62,3.5,42.36904,-83.32185,$,48150,0
1qjeBvWXu9cF_0_K6eF-QA,China Kitchen Express,58,4.0,42.41028,-83.3351,$,48154,0
IyPLph0663GAl1zQphdpuQ,Noodles & Company,72,3.5,42.36841,-83.33376,$,48150,0
kVQqkUhXQUWMDcRDxgpbWg,Old Mexico Restaurant,131,3.0,42.39793,-83.325,$,48154,0
lhRyZfBJ7YK4PhQrtdCkcA,Pump 5 Grille,14,5.0,42.39777,-83.33488,NA,48154,0
KTjbzBEOYX5K-nmXvE4nxQ,Indian Kitchen Carry-out,13,4.5,42.38524,-83.31562,NA,48150,0
ldN-SZk-tpm4fK8jAAkgww,Five Guys,63,3.5,42.36848,-83.33399,$$,48150,0
92fBKCREZyg3HcLwnpm1Xg,Outback Steakhouse,156,3.0,42.37967,-83.33258,$$,48150,0
vevth5xwN6kE3g37u51GQw,District 12 - Dearborn Heights,18,4.5,42.35056,-83.27466,NA,48127,0
te0FcgQvkzBx55ucnAqvSw,Bella Pizza,12,5.0,42.34774,-83.33063,NA,48185,0
zyzttKrZgI2boCF9CSDDnQ,Ricky's Sub Shop,135,4.0,42.33755,-83.19576,$$,48126,1
cuemikopY0jp622-5_FRDg,Ford's Garage,943,4.0,42.30719,-83.23776,$$,48124,1
qDLHimsYJKHcqL_4V4p4bQ,Brome Modern Eatery,672,4.0,42.30607,-83.24534,$$,48124,1
klkmynuK91fbGMjmP_TSYw,Xushi Ko,434,3.5,42.32755,-83.20337,$$,48126,1
22lGVT8bVoJ8PpdD05Uvig,Unburger Grill,153,4.5,42.30628,-83.24444,$,48124,1
PL_CW2a8Q7OKzM20W94ekg,Sahara,243,4.5,42.30278,-83.25656,$$,48124,1
wpniVBN_d5hg0LqHY7LudQ,Buddy's Pizza - Dearborn,361,4.0,42.30563,-83.24708,$$,48124,1
UxGilCouJPZ7e3HmhQFngA,Zo's Good Burger - Dearborn,202,4.5,42.3204,-83.18153,$,48126,1
oCwO_05Tn2ruZDkytewnIw,Sheeba Restaurant,366,4.0,42.32076,-83.17959,$$,48126,1
s8x1eRJyIKX0xrjNLTFG7w,The Himalayan Flames,166,4.5,42.30517,-83.24932,$$,48124,1
TJ_md2b1clc-zPor-TP10A,La Fork,288,4.0,42.305,-83.2477,$,48124,1
jcIOgzXEqkCtwNaU4qjU6g,Al-Ameer,608,4.0,42.3445,-83.16741,$$,48126,1
NTG4tbcIHFqlixnAfKXvww,Zaytoona Mediterranean Grill,67,3.5,42.32958,-83.20311,$$,48126,0
POpTWoya0ebFqzhcHAu2VA,Taystee's Burgers,411,4.5,42.32938,-83.16195,$$,48126,1
bBNJhTSqgY1q0aKuSuxM1Q,Hamido,334,4.0,42.34382,-83.17425,$,48126,0
APYwE45amWbq_UmDbKsssw,New Yasmeen Bakery,165,4.0,42.34419,-83.18082,$,48126,0
4bB8bCaRvXryWHbhOMex7A,Oyaki Sushi,384,4.5,42.32745,-83.29912,$$,48127,0
2vAj53ZEDNDrfvYuZpvQzQ,L.A. Bistro,247,4.0,42.30669,-83.24346,$$,48124,0
m5FOUuk5BKTr6j2HeuleCA,Paradise Biryani Pointe,134,4.5,42.30569,-83.24461,$$,48124,0
VZf2lOhhhwSugCv6IK4V9g,Tria,120,4.0,42.32048,-83.21683,$$$,48126,0
29XQHQY8qVpYLedrGDoPqQ,Famous Hamburger - West Dearborn,199,4.0,42.30506,-83.24807,$$,48124,0
BuAt-89v75SdeEN9Sp-c3Q,A1 Dogs&burgers,62,4.5,42.34403,-83.1956,$,48228,0
PSGMS7SUs3m5Pp_lOpUjKA,Malek Al Kabob - Dearborn,120,4.5,42.30568,-83.24529,$$,48124,0
_1BOsEpRejBytRsTTeZnBA,Mocha Bistro,168,4.5,42.3202,-83.18361,$,48126,0
5Il4NYoAi0_McQ67vyoUAg,Mint 29,275,4.0,42.30641,-83.24435,$$$,48124,0
Ljkq2PNQ5nB8vQKz3hUvpQ,Victory Liquor & Food Store,27,4.0,42.34382,-83.20394,$,48228,0
ojg2d0WVjCVCt7JRWzc7pA,Cedarland Restaurant,222,4.0,42.34386,-83.17122,$$,48126,0
_pHpCqKj0QHxni1eoKeuEg,Alcamo's Market,140,4.5,42.32049,-83.17617,$,48126,0
zKroPyosAy1MBuBJ5g1OJw,Capri Italian Bakery,76,4.5,42.32108,-83.19443,$,48126,0
0FHwQb52hfyNhhtw07WkTQ,Al Tayeb Restaurant,102,5.0,42.31694,-83.31146,$$,48135,0
x4KLlXkaZtrBL2Gq8qUyMA,The Butchers Grille,236,4.0,42.30335,-83.25562,$$,48124,0
OkB9eGXfsPYUI6_Se8lpbA,Big Apple Bagels,39,4.5,42.32741,-83.25707,$,48127,0
TJ_POk8hrMCE5u3On8M1FQ,M Cantina,368,4.0,42.32337,-83.17272,$$,48126,0
hhhTZfmmPmQ7BMnmAVgoXg,Al Chabab Restaurant,84,4.5,42.34419,-83.17043,$,48126,0
zpwMCd59GNXWF6yGlBUKgQ,Qahwah House,53,4.5,42.3064,-83.24435,$,48124,0
O_3W3hgzqij2Pm5L7snzFA,Bangkok 96,483,4.0,42.29398,-83.27201,$$,48124,0
U4c7y-xSHUEFBD_oz7Ol9A,The Heights Meat Market & Grill,88,4.5,42.32703,-83.28291,NA,48127,0
QG1gw2rlyxzVcIHnBMKV6w,La Pita,312,3.5,42.30254,-83.25461,$$,48124,0
txYrixg-p7qm_js8HQOrZQ,The Fish Market,79,4.5,42.31981,-83.17593,$,48126,0
3jL34--yTg5a8bEhGlXH8Q,Kidcadia Play Café,41,5.0,42.32097,-83.17997,NA,48126,0
mbTfvUB5hZF1sZFUnQuvZQ,Red Robin Gourmet Burgers and Brews,55,3.0,42.32931,-83.22245,$$,48228,0
nD0tQA0valtn6lY5P7duuw,Einstein Bros. Bagels,25,4.0,42.3312,-83.2038,$,48126,0
PZQezNeng_6eLPKNHt10rw,Miller's Bar,532,3.5,42.30112,-83.26719,$$,48124,0
X9Uep5qXDC_GKuX9XvXEbg,Red Dunn Kitchen,179,4.0,42.327,-83.06504,$$,48216,1
7bhpcorU3CAd33KJefB0EQ,Mink,36,5.0,42.32956,-83.06587,NA,48216,1
gwRDH8gr9Iu_mvMkaYAoVg,Folk,119,4.0,42.32956,-83.06589,$$,48216,1
3dNJM-qnTkxLZsNV3S5RHQ,Nemo's Bar,101,3.5,42.33164,-83.06543,$,48226,0
aOCjkNlmbF6d1VvbZfXzJA,UFO Factory,60,4.0,42.33219,-83.06683,$,48216,0
eKKnB6e0l_66cM_rfU6Ang,Sheeba Express,41,4.5,42.32539,-83.06046,$$,48226,0
ew8mvzp_BagM2AUIzdCtiQ,Tommy's Detroit Bar & Grill,124,4.5,42.32768,-83.05358,$,48226,0
F-0LTiL6KY9fPrIDkt2m7w,Taqueria Lupita's,330,4.0,42.32289,-83.08538,$,48216,1
iK0FUjpzLMm0mVVRk0RjZg,El Asador,353,4.0,42.30476,-83.12208,$$,48209,1
uj0R7Wvdww5H84kp5q955A,Motz’s Burgers,84,4.5,42.30272,-83.11348,$,48209,1
rwCtf0txoy3Ow1CocE4x5A,Duly's Place,155,4.5,42.31813,-83.10176,$,48209,1
tfCSDMnDEdWPOoBPk6jqog,Roman Village Cucina Italiana,240,4.0,42.3058,-83.14436,$$,48120,1
cVqtIOgBM7NPuK0IQGloaQ,Flowers of Vietnam,225,4.0,42.32025,-83.09654,$$,48209,1
a2r0rQ1ub9VM2XSAwPeA2A,Original Gonella's,88,4.5,42.29007,-83.14544,$,48217,0
1KvjJYeZQS-bYVV1hQt2zQ,Arabian Village Restaurant,57,4.5,42.30245,-83.14585,$,48120,1
Oc5IjPyWE9dshSdRV8J2wQ,El Taco Veloz,59,4.5,42.31892,-83.11005,$,48209,1
AjlfznP9abRtjed0E35_qQ,E & L Supermercado,56,4.5,42.31673,-83.1062,$,48209,1
K-M8mX1aMXfqNZ4BufvaUw,PizzaPlex,81,4.5,42.32,-83.0968,$$,48209,1
elyOjCsl37-lVi41AgpiEQ,Sheila's Bakery,45,4.5,42.3105,-83.12633,$$,48209,1
7CQX2McOfxe3lHAKBw_2rw,Los Altos Restaurant,97,4.0,42.31464,-83.11996,$,48209,1
6exj1g8dkR6z1TB--JfIpw,Mangonadas Del Barrio,36,4.5,42.30176,-83.12737,$,48209,1
6Y88x6ZVJVL1nCwfygy9lw,Glass Onion Griddle,414,4.5,42.25729,-83.21232,$$,48101,0
8x7oLtLhFjDwDVVhr8Zj5w,Los Galanes,277,3.5,42.32354,-83.08446,$$,48216,1
NhqrYxqeB2uQgQKYLdCIWQ,La Jalisciense Supermercado Y Taqueria,35,4.5,42.32193,-83.09133,$,48209,1
0BcmouUOqQrQn_frFtjLcg,Evie's Tamales,139,4.0,42.32317,-83.08574,$,48216,1
YtZaBxnCFDMX3Hv0FsHk-A,Armando's,247,3.0,42.32093,-83.09472,$$,48209,1
nVlsHOPxFmFnA9wj_DS_UA,Xochimilco Restaurant,473,3.0,42.32322,-83.08495,$,48216,1
p6rJIrlZE3gQdDykAngnKw,El Catracho,29,4.5,42.31923,-83.09741,$,48209,1
-FIq8Wuw7CU4a30-ykAJtw,Sicily's Pizzeria & Subs,65,4.0,42.32372,-83.08766,$,48216,1
ZvOxMJyonxPyh0BsNY7LfQ,Pollo Chapin,66,4.0,42.31946,-83.10257,$,48218,1
tklNK6yc5rlwldBI_TH_-Q,Tamaleria Nuevo Leon,67,4.0,42.32635,-83.07999,$,48216,1
U3wG7XTb07Rf-7n4zjwtBQ,Mexican Village Restaurant,242,3.0,42.3255,-83.07823,$$,48216,1
1t6ETjkFiNTI12e-pdW-Qg,Chicago's Pizza,30,4.0,42.31955,-83.0981,$,48209,0
uASIgX2FW241VCmss_DdpA,Mexican Town Restaurant,132,2.5,42.323,-83.08535,$$,48216,0
0DgRrZiJ9omrxJHnj-92HQ,The Goblin,15,4.5,42.32537,-83.07776,NA,48216,0
whMSbux2pZ-LMgHaaMMEOQ,Amicci's Pizza,50,2.5,42.32235,-83.09013,$,48216,0
lDlGiAaRj8phOTNn6Eqt_g,El Paisa Taqueria Truck,9,4.5,42.31926,-83.09833,$,48209,0
NKRYZYZfc0f3KqfS8v0yXQ,Rocky's Road Brew,10,4.0,42.32029,-83.09637,NA,48209,0
k2jhJkHA6bCKX6wQ7yL0HQ,Giovanna's Lounge,6,4.0,42.32349,-83.08724,$,48216,0
JmqiokkGFWmgeyyIlrDKaA,China House,13,3.0,42.31885,-83.09752,$,48209,0
UIBuQD0tyFynCsi5tRdNEQ,El Comal,2,4.5,42.32198,-83.09185,NA,48216,0
7cgY-o69GZoKCuANVvAsfw,Colombo's Coney Island Restaurant,11,3.5,42.31839,-83.10107,$,48209,0
BAQbuXIB-8JFL6YaZLJ-BQ,Little Caesars Pizza,8,3.5,42.31942,-83.09781,$,48209,0
yrTip9wv4ZpSlaQQhmGY-Q,El Palenque,8,4.0,42.31832,-83.10126,$,48209,0
hmNGNZf7EluE-fTMTc_tDw,Torta Express,2,5.0,42.32367,-83.0867,NA,48216,0
iE3YtLuvjUa0OG90gcApQQ,Taquería Chilango,2,4.0,42.32203,-83.09113,NA,48216,0
83Gj3v9wqfTGj9J3LGxovw,Lajalisciense,2,5.0,42.32534,-83.07905,NA,48216,0
B5Ts7n5DzkbFNcM91juqPA,La Michoacana Tortilla Bakery,2,4.5,42.32338,-83.08524,NA,48216,0
9AGFEH30lkWnknrowaOYYw,Citgo - Mexican town Deli,3,3.0,42.31989,-83.09587,$,48209,0
ko1WPwcuifvVoxav9gyZxg,Supergeil,41,4.5,42.33149,-83.07992,$$,48216,0
DLSVSJQTsPg3j8yCVSVhDA,Nancy Whiskey,74,4.0,42.33511,-83.07245,$,48216,0
HTCstEV_jNFvRn0Tw40vWg,La Noria Bistro,73,4.5,42.33104,-83.11076,$$,48210,0
YCPkfVTUdPMVa3i81GokiQ,El Taquito,25,4.5,42.31676,-83.10791,$,48209,1
9LzuwVAOA75QKZMaGN1DOw,Los Corrales Restaurant,41,3.5,42.32058,-83.1036,$,48209,0
YzBdWAzhis3zwLWKvTT1hQ,Taqueria Nuestra Familia,73,4.0,42.31304,-83.12345,$,48209,1
6nryFmYFrSG4CsfKnRP03A,Family Treat,17,4.5,42.30973,-83.12564,$,48209,1
NrPV3G3t88icreXnpC5vvw,La Terraza,45,3.5,42.30979,-83.13072,$$,48209,1
bfl6RNTBfyXunxNJT3zdnA,El Nacimiento,80,3.5,42.31362,-83.12233,$,48209,0
DpZvOi89O7TgUXbJhUS93w,La Palapa Del Parian,32,4.0,42.30476,-83.12957,NA,48209,0
_k4VHicPw7TWO7Tc4gM-lg,Tacos El Caballo,18,4.5,42.3057,-83.1234,$,48209,0
AumVAas0JHVNHkFQbl5rDQ,Loncheria El Parian,20,5.0,42.31606,-83.1163,$,48209,1
UmU67SX3dP6ZVyIM1l8mZA,El Salpicon Detroit,26,4.0,42.30967,-83.13208,$,48210,0
G85S1qea7RdPoZp1lBWzyw,Camino Real Mexican Grill,39,4.0,42.3042,-83.11812,$,48209,0
z_Xl1wZbVk5L7i7_DIbqJA,Telway Hamburgers,107,4.0,42.33139,-83.12787,$,48210,0
OaYgGaVwsilexmni0ONSfQ,Alnawras Restaurant,31,4.5,42.31067,-83.15251,$$,48120,0
3fGFSWOS_fkoFImgzhXj8A,Pollos Los Gallos,18,4.5,42.31648,-83.12212,$,48209,0
iGt8GudSXK96GoTnqBQzWA,Senor Lopez Mexican Restaurant,120,4.0,42.33138,-83.13288,$,48210,0
P6wxHO901YhCeWdoRndzaQ,Mi Pueblo Express,15,4.5,42.31677,-83.12367,NA,48209,0
ykQEyYn6NsKloqh1VpvMBA,Los Dos Amigos,23,5.0,42.32797,-83.12931,$,48210,0
bcog1tajg2C2u0co1RW1oQ,El Rey de Las Arepas,62,4.5,42.3353,-83.14082,$,48210,0
lFANU-FD-KdAGknqR8NeJw,Las Cazuelas,41,4.5,42.33054,-83.11956,$,48210,0
Mlny2Zf51aRYMqMSq8MPYg,El Rancho Mexican Restaurant,63,3.5,42.31637,-83.10547,$,48209,0
-9oG-2ZvnPkyksXCImkOfg,Loncheria El Parian,11,4.5,42.30156,-83.11935,$,48209,0
6_93HrUJx3Sh3ZQ1evePSA,Mi Lindo San Blas,43,3.0,42.31522,-83.10992,$$,48209,0
LWH5vAUTrWemHqTWIkZ83g,Paul's Pizzeria,16,4.0,42.31264,-83.1235,$,48209,0
KtzkAmG3BbbPQeN7CEwEMw,Tortitas El Rojito,9,4.0,42.31548,-83.11674,$,48209,0
D--OKLkZ7QRBExzE4abpvw,Triangulo Dorado,10,4.0,42.3107,-83.12834,NA,48209,0
jx9sVkI6_0kHbPPE00gjgA,Delray Barbecue,7,5.0,42.29585,-83.111,NA,48209,0
kZrmz5S9JxV2X8vPYljVSA,A & L Ham Palace,9,5.0,42.29542,-83.13079,$,48209,0
F595EU6bnrL_r2VsABP3kQ,Tacos el Toro,13,4.5,42.33063,-83.12756,$,48210,0
33no18cHNuH_0GrGO_JJ4Q,La Posada,7,4.0,42.30934,-83.12525,$,48209,0
7Gme_8oze5EAZGB2IajPVg,Burger King,4,4.5,42.31544,-83.10896,$,48209,0
JWL2m6f-Gc2JVObc3dSGHg,Papa's Pizza & Bbq,14,4.0,42.41698,-82.93603,$,48224,1
-D_43sw_fn2r_m4lbzB75A,Wing Snob,17,3.5,42.40624,-82.92977,NA,48224,0
ypaCf8QVmXNDJtZFKy5GWg,Buddy's Pizza - Grosse Pointe,45,3.0,42.41816,-82.9108,$$,48236,0
HfPchgOrF1t1sGT7qrZVyw,White Castle,10,3.5,42.41476,-82.93996,$,48224,0
EUjfwzNe9wY_hyLmfOkWvg,Alexander & Polen Meat Market,15,4.0,42.42156,-82.91068,$$$,48236,0
mh-aFLf_zEGG1yvOAz8jdA,Big Burgzs,11,3.5,42.40867,-82.92312,$,48224,0
vvZ4Z73_w0jayCMEDx2lLA,Mr C's Deli of Grosse Pointe Farms,12,4.0,42.41282,-82.91172,$,48236,0
8gU83AsQXjpwkyjxcw-rFw,Einstein Bros. Bagels,22,3.5,42.42158,-82.91066,$,48236,0
WI66WkAchY-m8Ll7oKUPtQ,National Coney Island,32,2.5,42.41642,-82.91111,$,48236,0
vd49JNet-qX95UHnxC7CsA,Rob's Deli,9,3.0,42.40538,-82.93073,NA,48224,0
-wjGVeP6aisGqNH57FC5Pw,Jet's Pizza,29,2.5,42.40091,-82.9179,$,48230,0
2UgKQZnTOkRbCtVRI_LAyQ,Detroit Wing,5,4.5,42.41492,-82.91169,NA,48236,0
6ylajK1M5ZRicMLzmZOxSA,Popeyes Louisiana Kitchen,20,1.5,42.41437,-82.94016,$,48224,0
inUJshp0tzWB6LjkidSW1w,McDonald's,94,1.5,42.40946,-82.91446,$,48224,0
c0QgEtgI-YkDBzsC-GRn-g,Burger Pointe and Wings,11,3.5,42.40057,-82.91792,NA,48230,0
QWFATqp31rpaVL8iSVSxmA,Sweetwater Express,13,1.5,42.41544,-82.93885,NA,48224,0
nZGGl6h3BVbFPuZAeVgjSw,Wendy's,33,1.5,42.41482,-82.91087,$,48236,0
QhE1EvbeOwtjcS03mlWj4w,Burger King,11,1.5,42.40743,-82.92503,$,48224,0
fCbF4lR0RLj3BIacTq82UA,Papa Johns Pizza,14,2.5,42.41629,-82.91125,$,48236,0
dS2C-KokxTiPQ0nGjXWxeQ,Chipotle Mexican Grill,36,1.5,42.40651,-82.91581,NA,48224,0
k6GNl9Dl-JW0NxRUQEz1MQ,Firewater Bar & Grill,1,4.0,42.41496,-82.93948,NA,48224,0
3RvTPQxEUruCtKjOo8BISw,Domino's Pizza,23,1.5,42.40614,-82.92867,$,48224,0
9DvVzWy4lIqRG4B_IDPgFg,Wendy's,7,1.5,42.41592,-82.93731,$,48224,0
SDsASNjVVTZLzZVdMpwlqA,Tubby's,3,2.0,42.41728,-82.93505,NA,48224,0
K3hUowT0emWknYFXSehtSw,Larry's Blazzin Barbeque,1,5.0,42.41867,-82.95661,$,48224,0
4VoifS8MIa8KXApVJcG2fg,Happy's Pizza,6,2.0,42.42273,-82.94211,NA,48224,0
VywesGGlXNRy-j-rMpEXIg,Zorba's Coney Island,10,4.0,42.4206,-83.00311,$$,48205,1
v8-BY0-syMz5jmL-DevyQA,Me And My Girls,11,3.5,42.43473,-83.00276,$$,48205,1
qksygNVuH7PprcsGEDXOgA,King Kong Burgers,6,3.5,42.43472,-83.00304,NA,48205,1
RtEnekVFVw5KyIo0tGAFgQ,Detroit Blues Cafe,10,3.5,42.4376,-82.97619,$$,48205,1
l8inYT6_tQIbzm-8ky8PdA,Alinosi Custom Chocolates,2,4.5,42.42355,-82.99346,NA,48205,1
v9yry5tolSgz1aGWk2gecg,Prince Pizza,2,4.5,42.43453,-82.99089,NA,48205,1
qBP-S1N9NzuMJYPjRfl_WQ,Peking Chinese Restaurant,4,4.5,42.44218,-82.97338,$,48205,1
vcupwzVhArn3V0w5EwnlXw,Leong's Chinese Carry Out,11,2.5,42.42419,-82.9843,$,48205,1
TufwB-FCgDWaGOsaRKRRoQ,Motown Cafe & Grill,8,3.5,42.43932,-83.0239,NA,48234,1
AM-XblfsLIuUH9DCyRm87A,Little Caesars Pizza,6,3.5,42.41304,-82.99261,$,48205,1
vr8wmghFoLzidpoQ4EPRig,All Seas Fish,3,3.0,42.42018,-83.00684,NA,48234,1
z_FSVB0mvVSdatOiY2jstA,Long John Silver's,6,3.0,42.40957,-82.99395,NA,48213,1
oyOVCXOX6VWSdlg1y-_HrA,McDonald's,7,3.0,42.44087,-83.02392,$,48234,1
2NnnkyZyYMXRZWy2Hs0nRw,Number 1 Chinese Food,2,4.0,42.43382,-83.02258,$,48234,1
cWqp9QrzQVCRYL7ywQlwrg,Domino's Pizza,8,2.0,42.42366,-82.98474,$,48205,1
QyA5HCNAyvvkxp0bsOgecw,Popeyes Louisiana Kitchen,9,2.0,42.43389,-82.97798,$,48205,1
i48-ioAXkkJLEHP9YRwa0Q,Robert's Coney Island,4,2.0,42.43494,-82.99441,NA,48205,1
UU9NjPO3QKo2tsU4TlfWGg,Fry Guy,1,4.0,42.43116,-82.97983,NA,48205,0
XfTbWvX-6uRS78EsD835Gw,Wing's Chinese Restaurant,3,3.0,42.43115,-83.0238,NA,48234,0
pWV6b6Vc9XAVVtFq-jFUBA,Church's Chicken,3,2.5,42.43486,-82.97722,NA,48205,0
_uPUwTQAO5QF_eyVPynmsQ,China One,1,4.0,42.42128,-82.98658,NA,48205,0
_sJ7FJkTwgH4rPQumKVypg,Royal Fish & Chicken,1,1.0,42.43456,-83.00602,NA,48234,0
I0DA6dvzhsH0sZjGqtKY1w,Captain Jay’s Fish and Chicken,1,1.0,42.43366,-82.9791,NA,48205,0
8yfAdr2gj6qFls2onDQL6A,Wendy's,2,1.5,42.41746,-82.98907,$,48205,0
ItEyftpRDk-YgxDIVTIIXg,McDonald's,2,1.0,42.43474,-82.97843,$,48205,0
9qQqGl9c_25702kUXmqVuA,Villa Restaurant,118,4.5,42.4546,-82.96515,$$,48021,1
3pHWk4s6YdbJskyElcV2Rg,Bommarito Bakery,233,4.5,42.45474,-82.90238,$,48080,1
GvANAnfg7cp7Did9lPmjfw,Detroit Wing Company,209,4.5,42.4653,-82.94085,$$,48021,1
KDKmahaWGgSCSBx0PuUHKA,Sushi Zone,85,4.5,42.46511,-82.94892,$$,48021,1
MZkWV4ImBXLHFuMQ58DYdA,Salvatore Scallopini,87,4.5,42.4643,-82.95864,$$,48021,0
adt0cf8tKEHbNC8TV2jE5A,Boff's Middle Eastern Cuisine,71,4.5,42.47805,-83.01517,$,48089,0
Bx15_wlPlgAkNgdHmwTiqQ,Martin's Ham & Cornbeef,86,4.5,42.47439,-83.02662,$,48015,0
N0-VEXJF_YB0XIsKxSJuIQ,Delphine Jamaican Restaurant,63,4.0,42.46433,-82.9748,NA,48089,0
8KL-sBqF8OaqKep8Cdd5BA,SpagBurger,125,4.5,42.46515,-82.94372,$$,48021,0
D-F1gqfS2I7EZ7EmSrEVRQ,Cloverleaf Bar & Restaurant,209,4.0,42.47425,-82.95221,$$,48021,0
JWgL3ScWOPkJ9Y7W0Yl5bA,Eastside Bagel,145,4.5,42.45476,-82.91306,$,48080,0
8VzMsO_GU4BSqcaFNQ1jLw,Amarin Thai Cuisine,178,4.0,42.50662,-83.00857,$$,48093,0
wMADMl9y589J8gNqhUE4cw,Geneva's Burgers,38,4.5,42.4507,-82.94321,$,48021,0
7xDBiedXHVfjbh2ZKacBig,Plaza Mexico Mexican Restaurant,190,4.0,42.46506,-82.9311,$,48021,0
Nc7HcPipFxOssFPLmjB--Q,Taqueria Alma,95,4.5,42.48026,-83.0275,$,48015,0
k6l0cf6Q6G5KIRf5xCy57A,House of Reuben,29,4.0,42.4501,-82.97266,$,48089,0
cZTATKwEZ-BNhikQZ_Bg-g,Little Saigon,141,4.0,42.50672,-83.08674,$,48071,0
jQJC5hdV4wUfBYcS5NwMkw,Conant Cafe' & Grill,13,3.5,42.3964,-83.04818,$,48212,0
op6Zhv1Gao48B9YSS0L36A,Alqamar,15,3.5,42.4017,-83.0517,$,48212,0
2X4uFG-XXBBrKPChGmbYlA,Jet's Pizza,45,2.5,42.39812,-83.05896,$,48212,0
n1eCaLxl4iUnh_iCZ5jVKQ,Boostan Cafe Detroit,4,5.0,42.41904,-83.05187,NA,48212,0
fIzWWwg6ql42PaMAal6ZyA,Joe Ann's Bar B-Q,10,3.5,42.42077,-83.07001,$$,48212,0
ZkJKAU-acd4fI01sYj_OrA,Nevada A Coney Island,5,4.5,42.4261,-83.06239,NA,48234,0
FRV3MH4JMzQcYUA9PcvYPw,Crepe Day-Twah,9,3.0,42.40602,-83.05789,$,48212,0
p8DA6gg5YFa6b2c3gnHHxg,Mandee's Jazz Cafe,6,3.5,42.41916,-83.06374,$$,48212,0
o9WddlfDIyR1fNdV8_VhSA,Simply Spanish,10,4.0,42.33066,-83.05019,NA,48226,0
quSjheAztJ9aS5oE1SLnNQ,Wing Fellas,2,4.5,42.40076,-83.06084,NA,48212,0
VXbbwwhaVfBalwQ0-srmSA,Fresh Fish House,11,3.0,42.39391,-83.089,$,48203,0
WhUXyMbGwqhe-kNFK2qEsA,Modhuban Sweets,1,5.0,42.40905,-83.05785,NA,48212,0
