id,name,review_count,rating,latitude,longitude,price,zip_code
RmHT3EhtGNmIBqMmn6sbcA,The Kenwood,317,4.5,44.96165,-93.30797,$$,55405
C7Xg_fWiammvygwKKd4rJg,Lake & Irving,451,4.5,44.94814,-93.30156,$$,55408
2IOQ8COCI7iiJX2OiCPtoQ,The Lowry,758,4.0,44.96152,-93.29268,$$,55405
9EdftCquw0YwWY3XsJlZVg,Rinata,334,4.5,44.95763,-93.29485,$$,55405
smrdXQyTcbqOHnK_OuScDw,My Huong Kitchen,403,4.5,44.9531,-93.27829,$,55408
Losq2H67kunQy6qQ6LFjmg,Quang Restaurant,1189,4.0,44.95309,-93.27773,$$,55408
rJY7EbVlXPXWgwojyEJq8w,Lotus Restaurant,769,4.5,44.96961,-93.27993,$$,55403
TRj1IbnWC7T5pGiTw6B4-w,World Street Kitchen,585,4.0,44.95266,-93.28785,$$,55408
mTnoCM3BrLttWb7m9P5SQQ,Wakame Sushi & Asian Bistro,730,4.0,44.9468,-93.32197,$$,55416
52Sw9P9nW1-5yu6dZOpyeg,French Meadow Cafe & Bluestem Bar,1001,3.5,44.95507,-93.28824,$$,55408
g7bbpP7x5KAc33i7pgOkLA,Hell's Kitchen,2474,4.0,44.97461,-93.27262,$$,55402
6vaAze9Fxuco249L3BhEdQ,112 Eatery,1212,4.5,44.98253,-93.27181,$$$,55401
opobJTJa9atqAytH80goDA,Barbette,624,4.0,44.9485,-93.30224,$$,55408
BDfqDNyVp0fyDadZOTXEVw,Cafe Lurcat,493,4.5,44.97123,-93.2864,$$$,55403
zv_XJAQr9D3PNR5eHYhC5w,Bar La Grassa,1348,4.5,44.98954,-93.27859,$$$,55401
H2dkIvi_cgz-7UMJsQE-Kg,Red Cow Uptown,230,4.5,44.95467,-93.29745,$$,55408
l7mNzyV3pOZ3m87jRY6J7A,Hola Arepa,899,4.5,44.93942,-93.27741,$$,55408
JKiMTabIY73IHKJzQUHdeQ,Punch Neapolitan Pizza - Lake Street,280,4.5,44.94944,-93.32044,$$,55416
0127hW6ScVMCOLCKJI6q9w,Stella's Fish Cafe & Prestige Oyster Bar,954,3.5,44.94851,-93.29723,$$,55408
EETP-7tP_eQf7JsK6D3hig,India Palace Uptown,191,4.0,44.95609,-93.29662,$$,55405
5olLs-K-_k_rWrrNLjvy0w,Spoon and Stable,1018,4.5,44.98549,-93.26954,$$$,55401
kzzUiEHyf7LwRJ6DUx8Wyg,Our Kitchen,342,4.5,44.93756,-93.2902,$,55408
MDPv2B2jwA1qLvQCXlEVww,Red Cow - Minneapolis,1058,4.5,44.98354,-93.26961,$$,55401
thaViwJbk_1mNRDNb_nzng,The Lynhall,266,4.0,44.95414,-93.28846,$$,55408
B7-6lvbEZqT87UW6ybNcJw,Manny's Steakhouse,875,4.0,44.97443,-93.27179,$$$$,55402
51E_-4s1wheqka5xtGAaNw,Martina,581,4.5,44.9243,-93.31523,$$,55410
8CSob0dujFjytEmj-hYahA,Uptown Diner,393,3.5,44.95576,-93.29706,$$,55405
dBRIlzRYdvAhSdxOTBVYyw,Galactic Pizza,319,4.0,44.94966,-93.28767,$$,55408
4EaAZzAKP6_z58rJusX7dw,Yum! Kitchen and Bakery,505,4.0,44.94875,-93.33052,$$,55416
aNY9AUIfDMSHBRksP6I32w,Common Roots Cafe,380,4.0,44.95569,-93.28846,$$,55405
_NNDqkAE_I37bbnZBIzh3w,Namaste Café,319,3.5,44.95691,-93.29616,$$,55405
G0ULL97D7OQvjPMpZxlscQ,Lu's Sandwiches,362,4.0,44.95474,-93.27832,$,55408
aimyTOmIqdTOP6wF4dm30A,The Capital Grille,361,4.5,44.97701,-93.27599,$$$,55402
PXOyMIcQjZOlakLruK2BPQ,Victor's 1959 Cafe,611,4.0,44.93423,-93.28462,$$,55409
IJUi7B11Ohxd0yxXMZbPUQ,Fogo de Chao - Minneapolis,904,4.0,44.97833,-93.27406,$$$,55403
ykTnu3sVxnnIeHpLRqE8bQ,Hen House Eatery,967,4.0,44.97526,-93.27132,$$,55402
cPgZaWUgM1pj3po6UAgtRw,Eggy's Diner - Minneapolis,666,4.0,44.96892,-93.2805,$$,55403
EsptO0Gr76-etcks8RYw9g,Nightingale,279,4.0,44.9558,-93.28776,$$,55405
EWDHQTfclTXSbAWcPYN11w,Urban Eatery,245,4.0,44.95016,-93.31506,$$,55416
EWCzHNxTnXFsR8SfdNAqWQ,Icehouse,431,4.0,44.95619,-93.2784,$$,55404
Z9UFvaj_zeaVSg4Ta8D9qQ,Red Rabbit,627,4.5,44.98369,-93.27175,$$,55401
l5BS7mKuNQDjslY1ufGfJA,Amazing Thailand,508,3.5,44.94743,-93.29874,$$,55408
K9P6dLlPMyx7xs7fLQPiDw,Eat Street Social,444,4.0,44.95567,-93.27841,$$,55404
O-On_JfItCH5lFudaUAS6w,Tenka Ramen,126,4.5,44.94868,-93.29748,$$,55408
YMZS-m2VrbJ3zW93i6umig,Darbar India Grill,305,4.0,44.94834,-93.29475,$$,55408
oidsSjjDxAliG3PFXxLQiA,Moto-i Ramen and Sake House,556,3.5,44.94865,-93.28851,$$,55408
5s2sT8ux7og5XfK-180r2g,George & The Dragon,979,4.5,44.91233,-93.29032,$$,55419
eAbwnD7c_Uz5sAbhqYYPsQ,Seed Cafe,74,4.5,44.94904,-93.32128,$$,55416
JexnInIgzaNMXwURrpOjSQ,Brit's Pub,762,3.5,44.97283,-93.27592,$$,55403
L9-URJtUCfQu4DpDh-d6wQ,Smack Shack,1074,4.0,44.98667,-93.27621,$$,55401
VDevoiSjX_ia2m8lSfzCxA,Pimento Jamaican Kitchen,369,4.0,44.95643,-93.27839,$$,55404
5K82sS0qi4hCnNXzc0mM3A,Revival,1102,4.0,44.92519,-93.27753,$$,55409
5Mby_93Hiztc2DkL-iaFvQ,The Copper Hen,504,4.0,44.95669,-93.27771,$$,55404
p13IKfqqRykrLhIaBBX0Ig,Waffle Bar,188,4.0,44.9527,-93.28827,$,55408
t7v_E0hArm4xzSBf8Xs8XQ,Mill Valley Kitchen,332,4.0,44.94047,-93.32935,$$,55416
aOM_FFpMTXGT0TrC9C3P0Q,Cuppa Java,94,4.5,44.97327,-93.30869,$,55405
zlKpigpu5_8yLXKrQmtlTA,Pho 79,373,4.0,44.95633,-93.27747,$,55404
hHrpwrvEzlNDswECTcAcyg,Eli's Food & Cocktails,308,4.0,44.97419,-93.28134,$$,55403
Xnsa4CJMPqyHkyISgxrzxg,Peninsula Malaysian Cuisine,338,4.0,44.95511,-93.27832,$$,55408
2-6mLbOHTCD8fwZlsBB6Hg,Good Day Café,662,4.0,44.97129,-93.34822,$$,55416
ErvVFzAYVArZS7gcWgY0rg,Matt's Bar,1710,4.0,44.93947,-93.24743,$,55407
83mW24NnFzdTlfbjQ4VXXQ,Tilia,638,4.0,44.92464,-93.31413,$$,55410
lcE0Kj_G54McAjByfrO2jQ,Origami Uptown,205,4.0,44.94959,-93.2973,$$,55408
jKZjxYqeIsdi1949cjRUKQ,Rincón 38,260,4.5,44.93395,-93.28407,$$,55409
iH3FcZ4Xchx3s7fgIINaYg,Pizzeria Lola,1095,4.5,44.90182,-93.31847,$$,55410
JV8Lpl_qThwGv-SFKJ_vaQ,Murray's,422,4.0,44.97863,-93.27234,$$$,55402
lnBW3PF5l90mpPwYO74h7w,Bryant Lake Bowl,326,3.5,44.94848,-93.29014,$$,55408
OXy8tz9HWiOK_fbh29TEGg,Boludo,253,4.5,44.93447,-93.27786,$$,55409
HL8GOJJsauMCD8TET7UmNg,Nico's Taco and Tequila Bar,345,3.5,44.95676,-93.29628,$$,55405
yAdQ1TzZceCmur-97TVgvg,Tao Natural Foods,161,4.0,44.96081,-93.29326,$$,55405
H16j-AnU6QNcuNFgPNt2Sw,Pizza Lucé Downtown,609,4.0,44.98181,-93.27358,$$,55401
Dx52kVp9UBzI4LuL-J4TWA,Brasa Rotisserie,1020,4.5,44.98948,-93.25125,$$,55414
5yqRr3ffEzc75nsAorCXHQ,Hammer & Sickle,176,4.0,44.94942,-93.29624,$$,55113
qjubYib8lGtDENeOZmWOVA,Hoban Korean BBQ,298,3.5,44.94876,-93.29795,$$,55408
OXwvIPaHeEcUDj7uOGLhKg,P.S. Steak,101,4.5,44.96739,-93.28712,,55403
dXTfnyaz_Hrn7imyrrME4A,Lago Tacos - Uptown,347,3.5,44.94993,-93.28765,$$,55408
51SWfc0I300IpUZcv7kCfA,Zen Box Izakaya,656,4.0,44.97843,-93.25962,$$,55415
NU-w3A68w-rG4o-VUryb7w,Red Cow,810,4.5,44.91271,-93.32614,$$,55410
8jLJGrAKL90O5z98ZNQ2bQ,Black Sheep Coal Fired Pizza,549,4.0,44.98728,-93.2756,$$,55401
3vL7hXyLlRkz77bvy4_LYA,Jasmine Deli,153,4.0,44.95629,-93.27806,$,55404
5l67Iyq25FBVsn9pqlgudA,Christos Greek Restaurant,165,4.0,44.95445,-93.27832,$$,55408
xrqBlIbCNeD5fPBotkOA6g,Its Greek To Me Taverna E Parea,239,4.0,44.94849,-93.28785,$$,55408
5Y2nekkwRrNMMSx3b-2EhA,Young Joni,783,4.5,45.00123,-93.26664,$$,55413
zgAKi0MsgMrYWk2vxb7nEQ,Loon Grocery,56,4.5,44.95713,-93.28765,$,55404
xoq8XRgV5f031ZI3aHrSFg,Ramen Kazama,363,4.0,44.94108,-93.2782,$$,55408
1-ii5w8gYy6oQR_RjaTfdQ,Lowry Hill Meats,69,4.5,44.96301,-93.29152,$$,55403
7qd98YA5vv0ASuXGjVvn0A,Patisserie 46,383,4.5,44.91975,-93.2848,$$,55419
G7iXpVSRuXzCbD2daJ_JYQ,Surly Brewing,1170,4.0,44.97323,-93.20977,$$,55414
MTJgB3lWHn4lPwkUbBPzGQ,My Burger,156,4.0,44.94652,-93.32222,$,55416
zXAv5ul5nRJZp3AGq9BzKA,Broders' Pasta Bar,569,4.5,44.91208,-93.30902,$$$$,55419
NKdm97TffSJWRg9z7SG4Yg,Bonchon Uptown,165,3.5,44.94851,-93.29778,$$,55408
2Ac3JUuN5jwdnzzPYW_uMQ,Sooki & Mimi,48,4.5,44.9468,-93.29883,$$$,55408
FLknT5_ky5NI5Kt2ORjLpg,Parlour,368,4.0,44.98873,-93.27772,$$,55401
UC0KkDTAZYgk-NivNjsN0A,Ichiddo Ramen,264,4.0,44.95332,-93.27844,$$,55408
STv0cc5iZLlDT5b84XrjOg,The Freehouse,660,4.0,44.98732,-93.27725,$$,55401
thWZ6kAYJIxiZnV4HW_wlQ,La La Homemade Ice Cream & Luncheonette,101,4.0,44.945,-93.29847,$,55408
ZucUm6bBfhe0bHW4oyO-Dg,Chimborazo,691,4.5,45.02029,-93.24702,$$,55418
JBeHhSwmqLbE_IFi6wBBzw,Trio Plant-based,165,4.0,44.9484,-93.2871,$$,55408
l-KdP47-UhMUX0A-CXaVxw,Trieste Café,148,4.5,44.97911,-93.27143,$,55402
lX4qQzh6zm-DgwGWfESPJg,Clancey's Meats and Fish,208,4.5,44.92427,-93.31452,$$,55410
ddpjLv0P6iu7p1dRGCPWWw,Sushi Takatsu,130,4.5,44.97601,-93.27092,$,55402
IwZN48OZOkYhx_yiPH9kVg,Nashville Coop,54,4.5,44.94908,-93.29664,,55408
vOtz5Jx_GumbW-bFrvCJIA,Brim,81,4.0,44.94859,-93.30481,$$,55408
eRnPeYTzkaRiH7WQq_i6fQ,Pizza Lucé Uptown,283,3.5,44.94451,-93.28869,$$,55408
9buJnS-Q6WBZx_5Dhk6XCA,The Oceanaire Seafood Room,532,4.0,44.97815,-93.27173,$$$,55402
OGHbFg4HzRcFQW0nH_SWjQ,Pho Tau Bay,232,4.0,44.95073,-93.27753,$$,55408
HBJdSsbf_GGFtt0D-rX4bg,Amore Uptown,193,3.5,44.94808,-93.30247,$$,55408
pI3tkzbG7vdOwAD7NcGjXA,Abi's Cafe,51,4.5,44.95092,-93.28855,$,55408
SYatmP13nBKFleGycgltWg,Kinhdo Vietnamese Restaurant,157,3.5,44.95212,-93.29784,$$,55408
u8dQlWcrV-oTbumTehJUzQ,Ruth's Chris Steak House,221,4.0,44.97308,-93.27224,$$$,55402
NfV9d71AgruTcwABdkgKDQ,BAMBU,114,4.0,44.95222,-93.27751,$,55408
0wJTX6wwL7IqAsxDQK0jqA,Moroccan Flavors,128,4.5,44.94922,-93.26063,$$,55407
Mkn5hEm7z9m4yJu7B2xG-Q,The Bulldog Uptown,184,3.5,44.95589,-93.28761,$$,55405
KNxGqEQoor1yU1DdyVAncg,Caffrey's Deli & Subs,240,3.5,44.94793,-93.28853,$,55408
34Il_lbydJyfoi1nwRzXUQ,Khun Nai Thai Cuisine,125,4.0,44.95649,-93.27747,$$,55404
2KrwiBR-ib2tSPnaGLXkMA,Soho Cafe,90,4.0,44.95612,-93.29691,$,55405
7LYfwJHjeVr4_nBPHDTeMw,Kyatchi,262,4.0,44.93433,-93.27813,$$,55409
9GF_0ut2-LT3AR_FguWyhQ,Roat Osha,393,3.0,44.9477,-93.29714,$$,55408
A5kBva3sb0PmDctnI6RKQg,Vegan East,38,4.5,44.95871,-93.2876,$$,55405
FlF0_Ied8DmcHVGfX9kBmQ,Szechuan Spice,204,3.5,44.94766,-93.28861,$$,55408
FR9ZFGmwrrxCrolxZDy6NQ,Sushi Train,280,4.0,44.9719,-93.27691,$$$,55403
Bel7hrQhVRW4A64hmZZC6Q,Band Box Diner,202,4.5,44.96902,-93.26345,$,55404
23gPzE_k9BHnnLCUjhOYEg,The Lowbrow,405,4.0,44.92542,-93.27832,$$,55409
XAvcIISiJ0PxkHQw21MjfQ,Keys at the Foshay,389,3.5,44.97421,-93.27176,$$,55402
uEQ-UJ6sj03MOGVYoWP2GQ,Alma,563,4.5,44.98388,-93.24811,$$,55414
P7iziIpv5bNme_sxYGZNBQ,Nighthawks Diner & Bar,335,4.0,44.93426,-93.27764,$$,55409
PHVrFH-xcsHkznDWbuRKcw,Lake and Bryant Cafe,33,5.0,44.94813,-93.29044,,55408
REaYq7UDUefZEj87KrKxQw,Modern Times Café,245,4.0,44.94457,-93.26301,$,55407
Z_Y3BqUKbFXm0B_NkruDcQ,Barrio,477,3.5,44.97423,-93.27431,$$,55402
-rfv_Bj7ejFe-1eZs_swXw,Kieran's Irish Pub,308,4.0,44.9788,-93.27485,$$,55403
73rVjgI3z9__qKcHHRoAOw,Kramarczuk's Sausage Company,436,4.5,44.9879,-93.25739,$$,55414
nSAhDTXWb9Q16qaqtIKcRw,Yard House,429,3.5,44.96654,-93.34884,$$,55416
MdNGAfkF0S0GIWoJIs7pTA,Jasmine 26,199,4.0,44.95565,-93.2775,$$,55401
aVFytvKzR4GnBxSzHK0EJA,FIKA,125,4.5,44.95477,-93.26606,$$,55407
gXf2dlvlw-ieHbSdvQpCyw,Gyu-Kaku Japanese BBQ,73,4.5,44.94738,-93.28768,$$,55408
6T2SVQbBNZ-H0fjMQtV2rQ,Borough,338,4.0,44.98886,-93.27781,$$$,55401
0QnzFl4ZqWKottbnjXFjJg,Red Dragon,147,3.5,44.96117,-93.28843,$$,55405
-FQ05TKTVSFHcNPja2KvuA,Travail Kitchen & Amusements,391,4.5,45.02999,-93.33904,$$$,55422
N4pwYvAr4yqsdIgnevS7kA,The Bad Waitress,427,3.0,44.95569,-93.27769,$$,55404
z50s-RzKyEnAdHtusrEXpw,Fhima’s Minneapolis,138,4.5,44.9778,-93.27389,$$$,55402
oCOgPe97EPeXQRb8x_vkYw,Dakota,240,4.0,44.97367,-93.27532,$$$,55403
GSbUWfGgxn5SZhqmEEgAFg,Mesa Pizza,130,3.5,44.94853,-93.29931,$,55408
uETQZ6X9HAGPzozGgqjtiQ,Gorkha Palace,437,4.5,44.98928,-93.25508,$$,55414
qw-VHIrdk1uG7ALzdGXGLw,Punch Bowl Social Minneapolis,390,3.5,44.9658,-93.34801,$$,55416
FD-8NEXgLxBffVBN8Mtdvg,Penny's Coffee,150,4.5,44.98124,-93.26581,$$,55401
OYYF4VOrE_i1lqTIr94Sog,Boiler Room Coffee,122,4.0,44.96442,-93.27293,$,55404
iSKBEMu1Mzra1NiNYCu3rg,The News Room,477,3.5,44.97426,-93.27469,$$,55402
89QyJPRawF_UrtN7UvLdzw,Dancing Ganesha,357,3.5,44.97427,-93.27892,$$,55403
t_FhMt5J9Dc-AhkS7iOhMA,J.D. Hoyt's,228,4.0,44.98441,-93.27306,$$$,55401
kqIgEiPn2xIdZy8axcj5Kg,Harry Singh's Original Caribbean Restaurant,119,4.0,44.95393,-93.27773,$$,55467
Cwya4QAu8R2ylFFQn9PJhw,The Anchor Fish & Chips,607,4.0,45.00084,-93.26438,$$,55413
34MfK_IGLKnDju2cyRWUhw,A Slice of New York,132,4.0,44.95895,-93.27776,$,55404
fLFHwZe2DSgK98s3SKhWdw,Al's Breakfast,537,4.0,44.98101,-93.23565,$$,55414
qb-JjvyijIEyYqWGOMBm8w,Vo's Vietnamese Restaurant,161,4.0,44.9398,-93.28849,$$,55408
b8lOfh4yvdegup2CBPBsJw,La Mesa,55,4.0,44.97485,-93.30674,$$,55405
bTRVJsx-_tSO1vdFbpW8Yg,Taberna Street Tacos,122,3.5,44.94858,-93.31958,$$,55416
x7Kij5bIpFEYdABsSUdEHA,Zettas,28,5.0,44.95822,-93.27837,,55404
XRXkdaUqf_SQ4tRlnJ_sHw,The Butcher's Tale,41,4.5,44.97475,-93.27993,,55403
XrCvErtbY_gE6M2wE1URXw,Tilt Pinball Bar,66,4.5,44.95516,-93.27561,$$,55404
ZrqCu9utGiCIe6igBVnE4g,Tenant Restaurant,108,4.5,44.92489,-93.29105,$$$,55409
nGgs-YK5de-dmIu8iinp9w,Taqueria La Hacienda,128,4.0,44.94876,-93.27078,$,55408
b26xEI9p-EQhWFvq2OVZ1w,Kiku Bistro,198,3.0,44.95121,-93.29818,$$,55408
kbYjplzxRNfTZ8X4Wx54cA,Butter Bakery Café,232,4.0,44.93573,-93.27816,$$,55409
bGT4lTagoIC6hd5PnCyltA,Colita,357,4.5,44.90485,-93.30906,$$,55419
w-SNKgqgNcsEq7Npv2NfEw,Smoke In The Pit,228,4.5,44.93496,-93.26233,$,55407
RBn8gu7e1JoXjLpFjG3EhA,Morrissey's Irish Pub,115,3.5,44.94827,-93.29143,$$,55408
6GigNv19AwQE_MQg8n6Z0Q,Yangtze,294,3.5,44.96941,-93.35122,$$,55416
gf1xrNmuitKQDgrV_FaCQw,Black Sheep Pizza - Minneapolis,156,3.5,44.9557,-93.27818,$$,55404
Wj1_ocAeIjZVxMaK70NkDw,Andy's Diner,22,4.5,44.94864,-93.30103,,55408
PgIw7RlKkpmHgzlJI9O_QA,Nolo's Kitchen & Bar,220,4.0,44.98623,-93.27562,$$,55401
AMjgF60vPOxVOlVRKuMYOQ,Sea Salt Eatery,718,4.0,44.9161,-93.21094,$$,55467
89G6twB-zprNGnnjX7afpw,Sanjusan,100,4.5,44.98466,-93.26747,,55401
pyiNbsTflnKuuDwXKvi3JA,Pat's Tap,304,3.5,44.93919,-93.27827,$$,55408
X-mm564efSYmvM-9P4mn1w,Kado No Mise,226,4.0,44.98468,-93.26752,$$$,55401
6dhF09-l7Ig69Nyjeh4IDw,Zoe’s Bakery & Cafe,25,5.0,44.96847,-93.27837,,55403
hBnIS5qLbyEkC3_bhXA1gw,Spyhouse,66,4.5,44.97829,-93.26701,$,55401
AKnYRwq5qFU2oa4ce2P_Bw,Vellee Deli,110,4.5,44.97626,-93.27077,$,55402
fYlgTzLNx6bcaKAiHMG2wQ,HAI HAI,661,4.0,45.00986,-93.2629,$$,55418
Lws3UBFZnIIaiFPB98FaZA,Fat Nats Eggs,461,4.5,45.02082,-93.37976,$$,55427
2AoJFItzjtGTrWeCBK-Mug,Harriet Brasserie,179,4.0,44.92462,-93.31371,$$,55410
OF_drLrSIUGUZTBUf-Nzsw,Manny's Tortas,90,4.5,44.94848,-93.26101,$,55407
wRg8MpjiM2UhQ1dNn9pcWQ,Taqueria Los Ocampo - Chicago & Lake,198,4.0,44.9481,-93.26227,$,55407
LQtNJxqaRD5MMrWXER1O_A,Roti,104,4.0,44.9668,-93.34998,$$,55416
ZesuvK3U-6ZrMx8GK4rQGw,Himalayan Restaurant,277,4.5,44.94862,-93.22953,$$,55406
0IBN5QhGaWJlnBPFxk_COw,Ono Hawaiian Plates,76,4.5,44.98801,-93.27799,$$,55413
S3MP4keJWfEjK2PX52Mx7A,Tibet Kitchen Bar & Restaurant,141,3.5,44.96424,-93.27752,$$,55403
ubBPZz2CtTJcuFi00GSM2w,Tiny Diner,345,4.0,44.93439,-93.25906,$$,55407
XTD53AVRylnImME1acOTqg,Element Wood Fire Pizza,254,4.5,44.9986,-93.26768,$$,55413
a-0q0fdkGb9Eeh3etaFWBw,Runyon's,206,4.0,44.98289,-93.27094,$$,55401
UT7NmO7qrKwsGwb3gF7k8Q,Punch Neapolitan Pizza - Northeast,230,4.5,44.9875,-93.25695,$$,55414
dF9NIaW_s7RWoLyq_zG4Jg,The Zumbro,138,4.0,44.92457,-93.31507,$$,55410
TxZ4nLSWwWs-sDxdsMZsfA,Pancho Villa Mexican Restaurant,279,3.0,44.95604,-93.27759,$$,55404
CwqCDJD7BKPmkIFwXLAh_A,Day Block Brewing Company - Pizza Place & Brewpub,297,4.0,44.9752,-93.2531,$$,55415
s7E_vOFsSVEsmIU5q9AvaA,Hot Plate,384,4.0,44.90863,-93.25284,$$,55417
jq2XNFX0pRzPgx0bLMjBpg,Ariana Kabob & Gyro Bistro,209,4.5,44.9593,-93.37042,$$,55426
KOS_tbDcMv5O8ITb6xre8g,Sun Street Breads,220,4.0,44.91944,-93.27834,$$,55419
SPMZScudn_8yOoh4sfCxVA,Demi,57,4.5,44.98512,-93.27072,$$$$,55401
vi58lz0GLWITkg_r0WieNg,Kbop Korean Bistro,286,4.5,44.98197,-93.23677,$,55414
_o_ESjHoJdKV47D2-DPYow,Leaning Tower of Pizza,134,3.5,44.9593,-93.28826,$$,55405
tnAOBqz_W8pfIofxbMxSvQ,Dave's Downtown,85,4.5,44.97375,-93.2714,$,55402
DU_qwbYqbMaJZxxl_CZ3gQ,Hazel's Northeast,468,4.0,45.02032,-93.23687,$$,55418
kVrPuXkwm_DSt3kX0kTERg,Marhaba Mediterranean Grill,97,4.0,44.95164,-93.27752,$$,55408
IexXk6fO4dCdaUXrP8XW-Q,El Taco Riendo,451,4.0,45.01269,-93.24756,$,55418
k8bwGOBSf1EpU99teA6S6A,Cosmos,143,4.0,44.9787,-93.27508,$$$,55403
D5OfOpImhbZDqAeLCj7_RQ,Hi-Lo Diner,547,4.0,44.94863,-93.21436,$$,55406
yUO_BhkMsv-oJdJDdi3UGw,Wrecktangle Pizza,79,4.5,44.98795,-93.27803,$$,55413
ungmvflIzrBWoRAzXityMQ,Maria's Café,213,4.0,44.96255,-93.25748,$$,55404
8NeW7r_i_TPTi_2Z5eU2QQ,Wendy's House of SOUL,45,4.5,44.98067,-93.30435,,55405
yl5aHpf3167UUVBZNIjSBQ,Gigi's Cafe,155,3.5,44.93781,-93.29043,$$,55408
4nLDu36g00aTSYP3Jj8d5A,Breaking Bread Café ,86,4.5,44.99931,-93.29613,$$,55411
mdXoIXksYTiJhsYo-uknkQ,Maya Cuisine,393,4.0,45.00741,-93.24788,$$,55418
xnVHMer1ANvF6XlpnRT6XA,Taqueria y Birrieria las Cuatro Milpas,124,4.5,44.94854,-93.25228,$$,55407
KbfQtgnMvr51BDyja1mneA,Pho Hoa Noodle Soup,158,3.5,44.95821,-93.27802,$$,55404
kLIRGu0p-j8ilVO-SfkWZw,Lands End Pasty Company,132,5.0,44.98036,-93.2367,$,55414
x9nlWsoo1kCUwP78Pgcq3Q,Gluek's Restaurant & Bar,183,3.5,44.97933,-93.27421,$$,55403
QxuhZf3VxYsq4zShbgBJ3Q,Fairgrounds Coffee and Tea,158,4.0,44.98575,-93.27117,,55401
5-Qtz54THCIMfSpZhzABsA,CRISP & GREEN,115,4.5,44.98615,-93.27436,$$,55401
yBcHBhsgotzagFtUWltssQ,Rainbow Chinese Restaurant & Bar,174,3.5,44.95238,-93.27775,$$,55408
b1oHV2wzEAV5cQZ4Egg6tQ,Bep Eatery,117,4.0,44.97833,-93.2687,$,55402
lST5yvxDu2h1VWID27wrYA,ie Italian Eatery,359,4.0,44.91721,-93.24777,$$,55407
GN4BVQMDrXCFhkzcsu0aXg,Saigon Uptown Restaurant,76,4.0,44.94718,-93.28768,$,55408
rQdlDXb1pH2VZl9NDAYr4g,Ena,278,4.0,44.91943,-93.28424,$$,55419
DPSokyzcN-dbZLA96bV0eA,Naf Naf Grill,82,4.5,44.97714,-93.26803,$,55402
XWXkC7BwxXB-zvYggX4Qzw,The Nicollet Diner and Muffin Top Cafe,374,3.0,44.96775,-93.27789,$$,55403
blpkEVmOaHttHmp-IlalnQ,Soul Bowl,107,4.0,44.98517,-93.27714,$$,55401
b33NqgOdv2oM0UuJrG5rjg,Crave American Kitchen & Sushi Bar - Saint Louis Park,293,3.5,44.96766,-93.34758,$$,55416
8JSZFKdWB18G1svZ75r18w,Cuzzy's Bar & Grill,138,4.0,44.98607,-93.27539,$,55401
9p_M_LVvBE0d8SIVPcZShQ,Cafe Ceres,54,4.5,44.9229,-93.32434,$,55410
SohhXXtdcPjpM1YPf9MG-A,Owamni,95,4.5,44.98135,-93.26056,$$,55401
U0XeOPK1x-txwFo_wbfSOA,Union Rooftop,485,3.0,44.97707,-93.27541,$$,55403
Rj1qvUhDindvLtMAHxCwWg,Hard Times Café,336,4.0,44.96948,-93.24615,$,55454
PiQICYa9PQH790gnCVoSyA,Cave Vin,198,4.5,44.90186,-93.31845,$$,55410
s1h61QgGwHgIcsLpsa44Nw,Wok in the Park,383,4.0,44.94903,-93.38176,$$,55426
Pea3trq5xAkGDiGGc7LodQ,JUN,263,3.5,44.9888,-93.27784,$$,55401
Tll050QQPiP01ey2or72CQ,Afro Deli,218,4.5,44.97345,-93.22752,$,55414
5hjJEdnSzF_K25Uy-OWLVQ,Guavas Cuban Cafe,205,4.5,44.90127,-93.26235,$$,55417
MMOBvH-GPLwh2AM4HpEJ9Q,Petite Leon,53,4.5,44.93395,-93.27821,$$,55409
YvdIU29YbeelqboUFqkLpw,Safari Restaurant,65,4.0,44.94786,-93.27066,$$,55408
DQW0hP1O7N-Ch28HRyMF0Q,The Cafe Meow,49,3.5,44.95935,-93.29372,$$,55405
VqQ2pFi9gBdOPCYmdn5nvw,The Sonder Shaker,168,4.5,44.98716,-93.25835,$$,55414
bTyYlFA1pZU9ycmYlDuyqA,Wilde Café & Spirits,442,3.5,44.98569,-93.25782,$$,55414
kDfW47UHs-vY1UmFGocjnA,Psycho Suzi's Motor Lounge,1096,3.5,45.00753,-93.27225,$$,55418
G-bJ5jERpzuTDPWvoNqKig,Buca di Beppo Italian Restaurant,188,3.5,44.97395,-93.28004,$$,55403
7801bFCPiBrJWXoKaGdwMA,Green + The Grain,58,4.5,44.97633,-93.27508,$$,55402
OrvTXpV0N29ucP8QmxDC0Q,Zelo,938,4.5,44.97507,-93.27361,$$,55402
U4NEj0Tr2ySfqmDle0XlBw,Iron Door Pub,104,3.5,44.94813,-93.28776,$$,55408
iGo01Hhq-Wk4pZuFdV4ErA,Keefer Court Bakery & Café,204,4.0,44.97058,-93.24758,$,55454
Z5qX3A-a3oSvZWgYMDs1_A,Rojo Mexican Grill,350,3.0,44.96757,-93.34793,$$,55416
k7qd4zRCL6IFZ2_RTo6LQw,Red Wagon Pizza Co,288,4.0,44.90461,-93.30894,$$,55419
H0eHTMAwl43Zjou-rRNDtg,Red Stag Supperclub,521,3.5,44.9903,-93.25363,$$,55413
qkDlcBEJr0JZjKI7fWVzrw,Reverie Cafe + Bar,70,5.0,44.93939,-93.25271,$$,55407
1voqYoWstMgouNOCKXOWyQ,The Melting Pot,281,3.5,44.97475,-93.27301,$$$,55402
07VKEPjS7Juf2IB4jVa-wA,Olive & Lamb,148,4.5,45.01297,-93.26376,$$,55418
ol-tL61cUNPjktzUuip-EQ,Mortimer's Bar and Restaurant,95,3.5,44.96255,-93.2877,$,55405
9BHyVlt2XziaE00WQFoG6g,Fire & Nice Ale House,24,4.5,44.95357,-93.28839,,55408
RgXeN29zBaSGqrT-jJR7Ww,The 1029 Bar,231,4.0,44.99809,-93.26814,$$,55413
ANjujzDXItuq-XphE2U0Yw,Nong's Thai Cuisine,318,4.0,45.00665,-93.39797,$$,55427
n-YJcCcqEteJwGD5WqihtA,Masu Sushi & Robata,464,3.5,44.98833,-93.25504,$$,55414
kYRikNxFskApYvPn4btqbw,Minneapolis Town Hall Brewery,313,4.0,44.97339,-93.24779,$$,55454
kcf7Bc1KKk-qoGJ2QIQVvw,Billy Sushi,127,4.0,44.98433,-93.26888,$$$,55401
IQpWgpVj6Z4BzvcdATBI_Q,Momo Sushi,153,4.5,45.00734,-93.24697,$$,55418
Qfi2-C45fk48c0JG4gVXbA,Young Man,33,5.0,44.93454,-93.27804,,55409
okrikJN73br3ZSE3pCnNXw,May Day Cafe,138,4.5,44.93987,-93.25281,$,55407
t6gOJACxHQFveV1-vmEZmg,Spitz,235,4.0,44.98914,-93.25228,$$,55414
R5371sng0zz7icCHxlpsoQ,Yeah Yeah Taco,25,4.5,44.95823,-93.27823,,55404
zIofRYBS1e5rZLXaAEJACQ,Aster Cafe,385,3.5,44.98453,-93.25506,$$,55414
Lx9tjknn2wCxY9oGy-SZ2g,Cajun Boiling,124,3.5,44.96283,-93.27743,$$,55403
wkwttEb2GI7hocTs42UzyA,Peoples Organic,76,3.5,44.94809,-93.2981,$$,55408
UmrJUZ8ASQ8A2xCNpDFyqw,Milton's,293,4.0,45.02141,-93.36008,$$,55422
sXHAPdq9XRWT0dfI6wtNig,Taste of India,155,3.5,44.96953,-93.35116,$$,55416
ColvwckMhg6_Gfv1ok3Usg,Raku Sushi & Lounge,162,3.5,44.96743,-93.34884,$$,55416
2NzmnmFGOWEVGxkn2eANJg,Coconut Thai,257,4.0,44.91287,-93.33147,$$,55424
IrmrPhOp99yCrvsWKSUrHw,Lat14 Asian Eatery,365,4.0,44.98559,-93.39091,$$,55427
gj5umDyKi_q1gk9qRZeGOg,Milda's Café,49,4.0,44.98109,-93.30304,$,55405
OB90rVGiwdwJzLmf9mYNxQ,The Loop - St Louis Park,148,3.5,44.96783,-93.34725,$$,55416
CcnIJhp8T1s18EiiOc3q4w,Naviya's Thai Kitchen,187,3.5,44.92476,-93.31501,$$,55410
HkX_gLK-bZ0A3su05GR2yQ,Taco Taxi,153,4.0,44.94811,-93.25327,$,55407
068-MS43H2xgeWikB9cyBg,Sen Yai Sen Lek,324,4.0,45.01289,-93.24774,$$,55418
_NE_Uwl5rekWUJmglaoJiA,CRAVE - LaSalle Plaza,414,3.0,44.97644,-93.27619,$$,55402
beoKbDf8BcXrHAY7Rdkctg,Sammy's Avenue Eatery,60,4.5,44.99888,-93.29434,$,55411
1b48T8_1plm8qxfJNIG3Tw,5-8 club,720,3.5,44.89772,-93.24798,$$,55417
IDCFuftqGA0BCCZfUdf-0w,Old Southern BBQ Smokehouse,189,4.0,44.92111,-93.32873,$$,55410
8GwO6xW7jNe90wotC2LGKA,Shuang Cheng Restaurant,356,4.0,44.98044,-93.2365,$$,55414
GwXxeMEQAFbu1HXowumfXg,Broders Cucina Italiana,176,4.0,44.91261,-93.30906,$$,55410
W63qJIPi09OkEsGflt2Nkg,The Block,206,4.0,44.93883,-93.36567,$$,55426
FCiNTd5x0NyfwoKsL7UIuA,Edina Grill,332,4.0,44.91178,-93.32925,$$,55424
MJvB5TFcFo2_cYGN0D5iTA,Pizza Lucé Seward,246,4.0,44.96289,-93.24046,$$,55404
ZR8bhIKy4QA1BuLOt6f27Q,Monello Cucina,138,3.5,44.97138,-93.2727,$$$,55403
_hluGBt1cPMm5glevl7nSg,The Sample Room,308,4.0,45.00955,-93.27214,$$,55418
wkxjkcH6Kv8rN5y7QNAq4w,Black Forest Inn,181,3.0,44.95534,-93.27744,$$,55404
sKQYFMUNyt8TORY2cOZskQ,Mojo Coffee Gallery,101,4.5,45.01072,-93.26854,$,55418
Tp23oIagxvRFbpmkwrNCzA,Williams Uptown Pub & Peanut Bar,112,3.0,44.94952,-93.2981,$$,55408
AI7hpyndugkZtvBJFF8Ksg,Convention Grill,165,4.0,44.92182,-93.32958,$,55424
6l3IzIgyXv_11mGjbk4MsQ,Vitali's Cafe,52,4.0,44.97069,-93.27834,$$,55403
sMb3Q2Ho2hvZ6LibhkFnGw,Pineda Tacos,258,4.0,44.97937,-93.4071,$,55441
A3F-nLgeu4yUVAxR550fgw,Catrinas Cerveza & Mexican Grill,167,4.5,45.01354,-93.22469,$,55418
cCyIQReKWUXGVqF5K-rq0g,Orale Mexican Eats,108,4.5,44.90373,-93.27761,$$,55419
0BAIDmWcSbX4SBPuvP4Iew,Kimchi Tofu House,243,4.0,44.97328,-93.22694,$$,55414
TzIxaP5GvoZFM2ZWn2EixQ,Malabari Kitchen,143,4.0,44.96963,-93.24748,$$,55454
VVU19gaxLPKyzWSITKMC1Q,Wally's Falafel and Hummus,260,4.0,44.98138,-93.23565,$,55414
-WcvL9Q0fJzT0z_3JotWMA,St Genevieve,281,4.0,44.91212,-93.29066,$$,55419
lxgg-oMpDiZRYQ2izpVv6g,Giulia,79,4.0,44.97821,-93.26694,,55401
DLZt9XlkpqdYiiMyh3MR3A,Rock Bottom Restaurant & Brewery,232,3.0,44.97644,-93.27659,$$,55402
b1Lzfg6225QGUAfNrrB37w,UP Coffee Roasters,115,4.5,44.99259,-93.22509,$,55413
WvgAuJo6rUM1_I2sVDEzyg,Snack Bar,61,4.5,44.9896,-93.27864,,55401
pJKnbEgavlpNnXL8Yoza4A,Bunny's Bar & Grill,241,4.0,44.92882,-93.35524,$$,55416
U--WaaP-pH8a8e_61SWtVA,Terzo,135,4.0,44.91226,-93.30838,$$,55419
Clxbq98d7FjDe13it5iA2w,Crooked Pint Ale House,272,3.5,44.97837,-93.26119,$$,55415
_rJCgBp6S4UzVHeEwOQ5cQ,Centro,216,4.0,45.00245,-93.25147,$$,55413
Tc_utGSR50-MeQP1gD0g-Q,Northeast Social,302,4.0,45.00102,-93.2617,$$,55413
vA4Tlku2H_eSDyBP0kk9dQ,Cocina Latina,95,4.0,44.93442,-93.27824,$$,55409
8hGFju7LqV6ElHzj7upALg,Dilla's,144,4.0,44.96971,-93.2465,$$,55454
PMjS76Jz4REX9r6DEOamZw,Khao Hom Thai,319,4.0,45.01263,-93.24694,$$,55418
MrlbL0SHobibLNizfldNpQ,Khâluna,42,4.5,44.93018,-93.28857,,55409
ioSM3QF8kfeujgyLenRVuw,Heather's,99,4.5,44.90873,-93.26226,$$,55417
Q6YxgxXAmKzoKMrbL8IosQ,The Wienery,204,4.0,44.96965,-93.24749,$,55467
m5BA1CbsszmEEsE7thGyPw,Mexico City Cafe,78,4.5,44.94173,-93.36066,,55426
WSW-5Rnm1bNSK7ezY9TzLw,Buster's on 28th,280,4.0,44.92657,-93.23225,$$,55406
jWddX5jNDgVP-KUZJhH0pQ,Lyons Pub,162,3.5,44.97866,-93.27278,$$,55402
7xLRxA3Wr9FehbLw1xXeNA,The Depot Tavern,136,3.5,44.97843,-93.27573,$$,55403
hDIGJVSHrlNSqZ4vgs7UCg,Best of India Indian Restaurant,268,4.0,44.94983,-93.38229,$$,55426
2a72L2pjdYUk3qO8_uwLyw,Maxwell's American Pub,118,4.0,44.97453,-93.25178,$$,55415
nZcVdBxMwTa27uQezSuGTg,Emily's Lebanese Deli,220,4.0,44.99566,-93.26137,$$,55413
QwIav0EyricSiDRHu_OWrg,Football Pizza,175,4.5,45.01207,-93.24715,$,55418
GHmB9TB0nK6rxAB7TEEH7w,Ichigo Tokyo Crepes,41,4.0,44.94117,-93.27827,$,55408
beiLfLG1Y0sAxhXZoqok8A,Zakia Deli,140,4.5,44.99478,-93.22637,$,55413
gruZf5n3_2yRrQk8VjpLMw,McCoy's Public House,193,3.5,44.93421,-93.33992,$$,55416
3gvxjCwht6zSvLuf_bU09Q,Fat Lorenzo's,348,4.0,44.90085,-93.24775,$$,55417
K61BTsqEGaMJrJmDgk4mGA,801 Chophouse Minneapolis,51,4.0,44.97577,-93.27303,,55402
RFdLxs7xfDmHSYZQIKiEBw,Stray Dog,119,4.5,44.9888,-93.2549,$$,55414
FQQYzymXakKBmea-1zQAVw,Tap Society,96,4.0,44.91976,-93.28407,$$,55419
RKA1e7TXMu9fTk7STMCGgQ,Kyoto Sushi,149,3.0,44.9513,-93.28796,$$,55408
TRO6Pw202TOrkaxO64sx0Q,Blue Door Pub Longfellow,368,4.0,44.93979,-93.21313,$$,55406
71c8fd_XWkMQWZptcpJPsQ,Ideal Diner,144,4.5,45.00154,-93.24772,$,55413
x9v31m0RnYVBHpQCOASWMg,Segue Coffee,40,4.5,44.96896,-93.25798,$,55404
i5wbSA8McFgLV1ERVrOn_Q,Longfellow Grill,360,4.0,44.94873,-93.20617,$$,55406
4oSKKgr78ZYAAJl-ySYTrQ,Jax Café,299,4.0,45.00834,-93.26352,$$$,55418
mL345BjL2U40PqJl25ysOA,Fletcher's Ice Cream,104,4.5,45.00325,-93.27095,$,55413
z8lduDUMvrc6dGSLMgEHFg,Berry Sweet Kitchen,192,4.5,44.90505,-93.2233,$$,55417
5aWhORV8Z6f--mPCHKxyEw,Cafe Racer Kitchen,132,4.5,44.95719,-93.22865,$$,55406
B954Z5o745O7Al5KV2806A,Hello Pizza,152,4.0,44.92191,-93.32948,$,55424
DkEza4eYThvhfnj_oPBSPw,Gandhi Mahal,347,4.0,44.96249,-93.22714,$$,55406
feo8R122y0qayiBa9iq9SQ,Dipped & Debris,78,4.5,45.01289,-93.24774,,55418
T1CxAf41W_bJ_XJHVLEClw,Jakeeno's Pizza & Pasta,98,4.0,44.938,-93.26226,$$,55407
o7S8Shzt2Bu-LHBVrkFaGQ,La Tapatia,103,4.5,45.02319,-93.16517,$,55113
b_vWXZHSn_ZrHaoRJHC9oA,Unleashed Hounds and Hops,34,4.0,44.97995,-93.28613,$,55405
BxJ9R-JY7RAPjNcdNrFzfQ,Cardamom,21,4.0,44.9687,-93.28928,,55403
2aLcZwHKRDZ8o1oWfQVImg,Tinto Kitchen,195,4.0,44.91255,-93.30833,$$,55419
eMALnBlgMwaOFBtR6uz3mw,Roti,66,4.0,44.97588,-93.27239,,55402
6inAt0h5738qHzluMOC9oA,Pho Mai Dinkytown,87,4.5,44.98014,-93.23644,$$,55414
omdZ7Xdpis1RgNHemXk92A,Ingebretsen's Nordic Marketplace,45,4.5,44.94809,-93.25103,$$,55407
XmhWechVVZIyMP9tQQ0jzg,Hibachi Buffet,83,3.5,44.94767,-93.27604,$$,55408
r8YD1Wbqp9iq-JFgTZ_Viw,Hong Kong Noodle,362,3.5,44.97382,-93.2254,$$,55414
TuFYsQCKhNKuiKIZ6Bw3EA,Blue Door Pub Como Ave,187,4.0,44.98764,-93.22971,$$,55414
umf9jGY6meGF15UDiR2oMA,Monte Carlo,272,3.0,44.98472,-93.27174,$$,55401
FBh_NrKvFHVM8ntYkTfdXw,Ray J's American Grill,199,4.0,44.98887,-93.25295,$$,55414
EyJXDvOWyFxFJMhPwNyyfw,Sprout Salad Company,57,4.0,44.97814,-93.27092,$$,55402
tookMtmNneTRauZaBDJ4Ug,O'Donovan's Irish Pub,109,3.5,44.97869,-93.27639,$$,55403
eKhqDwGORbjJF_Tsq_2W-Q,Pizza Lucé Hopkins,281,4.0,44.92854,-93.38594,$$,55343
VshVrQ2HmT5kvwA7gmwVcA,Agra Culture Kitchen - Minneapolis,44,3.5,44.94868,-93.29679,$$,55408
BOLyATq1nBMwwmNNp0vNTw,La Loma Tamales,67,4.0,44.9766,-93.26941,$,55402
9qGxjuQdboDHwbUI3BDAbQ,Normandy Kitchen Cafe & Bar,100,3.5,44.97315,-93.26742,$$,55404
hgvL9cJmxb7zb3TQ7YfLyw,Town Hall Tap,204,4.0,44.91575,-93.26303,$$,55417
2JAJ9Rd7gaMFC8MNfgI3jg,Raising Cane's Chicken Fingers,153,4.0,44.97381,-93.22628,$,55414
U4TDV0FlIoXXjQoNLBOd7w,Taco Teresa's,123,4.5,44.98669,-93.40851,,55441
W45Kgk-b0ElInTUmjsfdIA,Animales Barbeque,65,4.5,44.99908,-93.25116,$$,55413
wuWtfSSzp1xHz-V8Sgch_g,Tacos el Kevin,31,4.5,44.93436,-93.26713,,55407
oh6zL7JZKxnNtyTcVrTcGg,Pannekoeken Huis,133,3.5,44.93104,-93.34438,$$,55416
nJtp85Y7Lfob9gQsvnE2fg,Pineda Tacos Plus,37,4.5,44.94854,-93.27085,$,55408
a8E4aHm5cFKYywH5NFjKcg,Uptown Lobby,16,4.5,44.94756,-93.29865,$$,55408
n0FRKOfLWSJkA6rohp_ajQ,Sparrow Café,76,4.5,44.91221,-93.30848,$,55419
eZoZc9NTjYg6bo1-wGPg-w,The Mill Northeast,240,4.0,45.00773,-93.24711,$$,55418
vH-rQnHNT99hjfRMOMJOGA,Seward Cafe,179,4.0,44.96264,-93.24115,$,55404
nqaz3pxRecmg6B5QjUN1Jw,Tasty Pot - Minneapolis,173,4.0,44.98125,-93.23553,$$,55414
602rKAvUqV6uMGI7OwHNxQ,Graze Provisions + Libations,80,3.5,44.9849,-93.27732,$$,55401
nHTtjxJAiZfzl-oXBkOn5Q,Betty Danger's Animal Farm,476,3.5,45.01343,-93.27132,$$,55418
vh8wempZ7X_yd612bb0JWw,The Coffee Shop NE,128,4.5,45.02018,-93.23748,$,55418
RKqf7VxWktfUPVhlIC7f3Q,The Brothers Deli,84,3.5,44.97839,-93.27178,$,55402
7ExCXFy9GA6uj3RBn4RQsg,Ginellis Pizza,36,4.5,44.97652,-93.2715,$,55402
7K_XbZAxf4hXZz2p8-S1fA,Dave The Pie Guy,46,4.0,44.93798,-93.28469,$$,55104
U0GMaAF6TaAH0F_8zG9GWg,St Paul Bagelry,90,4.5,44.90459,-93.27843,$,55419
gvSK2fkVy_JvdTfAXLSWAA,Blaze Pizza,123,4.0,44.93679,-93.38306,$,55426
Fg_UQIKzN1qCaOobvZpsRg,Carma Coffee,63,4.5,45.01304,-93.25951,$,55418
exgE0xBKDQNDUtGju7Hhig,Bryn Mawr Pizza & Deli,42,3.5,44.97377,-93.3087,$,55405
LutMGvGB37OPjGZ_2HHzPw,The Loon Café,132,3.5,44.98038,-93.27398,$$,55403
afSsDoER6eHgBoiB8a0kUA,Salut,286,3.5,44.91139,-93.32924,$$,55410
NZuJ3qWGyk7dDV0cBZmmwQ,The Loop - Minneapolis,232,3.0,44.98744,-93.27588,$$,55401
-k03eUYWQLU6gnOIRpgfSg,Erte & The Peacock Lounge,231,3.5,45.00116,-93.26337,$$,55413
CSmr2eaOX3SDsL5htqIynw,Boludo,47,4.5,44.97696,-93.26202,,55415
46TeS-E6t1lHWFiRZRPq3g,Doolittles Woodfire Grill,197,4.0,44.98521,-93.37971,$$,55427
mqebGzfEnmpKaWvl7eZdnw,Jefe Urban Cocina,190,3.5,44.98413,-93.2541,$$,55414
Yzuhb-mThBJX_-AGpRnXSA,Parkway Pizza,170,4.0,44.92342,-93.2166,$$,55406
xR_UrgRfLquWHXEKVjKp2w,Que Viet,177,4.0,45.00994,-93.23689,$$,55418
-iLQscfK_chaS-X9orCHJg,China Moon,60,3.0,44.94973,-93.29255,$,55408
fDT67SxP8kFsHLIaWuuSXA,8th Street Grill & Taphouse,159,3.0,44.97528,-93.27205,$$,55402
iDoS5ilgyqSRILUSv9-hZQ,Mac's Industrial Sports Bar & Grill,172,4.0,44.98797,-93.25555,$$,55414
MGm1jcjQZBfHv-epHOciQQ,All Square,70,4.5,44.92891,-93.2196,$,55406
MYw9rgZa2QDN6m8-24CVyQ,Uncle Franky's,189,4.0,44.99851,-93.25141,$,55413
ICQ-i82FtKQCMVLwFPW8Qg,Walkin' Dog,25,4.5,44.97655,-93.26902,$,55402
Xf8Ii2Bm-XZbaV2Za38e8A,Cam Ranh Bay,98,4.5,44.92427,-93.40896,$$,55343
hATyVlkAKFKGaO9OKJNNTw,Eli's East Food & Cocktails,180,4.0,44.99128,-93.24757,$$,55414
q2kbloNYrfVfBJjjDlmeTQ,The Market at Malcolm Yards,69,4.5,44.97299,-93.21353,$$,55414
zH1oBRUeHvMkWqTHRyTsvA,Xin Wong,145,4.0,44.9163,-93.27758,$,55419
N1k9rwt9ATED2ZFE7j_afg,Korea Restaurant,185,4.0,44.97427,-93.22675,$$,55414
fFcffz7HlA1R9fvALIGL5Q,Parkway Pizza,58,4.0,44.94937,-93.36029,$,55416
WANNoXSxSIh5t30s4slRlA,Sphynx Café,85,4.5,44.98383,-93.24322,$,55414
K_z4lrzslOkw9JHkjKOPOw,Valerie's Taqueria,19,4.5,44.94497,-93.27731,$,55408
mO0n-EEdgrdq--TYghcnxg,Fireroast Coffee and Wine,139,4.0,44.93407,-93.21936,$,55406
S-FJmial7VZpj6HXA0YfPA,Athens Cafe,111,4.5,45.02959,-93.33614,$,55422
j9REw7jC8lNUv1RU51mK1w,Los Andes Latin Bistro,18,4.0,44.94814,-93.2873,$$,55408
YU-m4roZJo6srfCQ1XELxw,Sidewalk Kitchen,136,4.0,44.97381,-93.22633,$$,55414
eqNz5LexgiI-ZTI2VRjgRQ,Peppers And Fries,180,4.0,44.94863,-93.21618,$$,55406
Dschy8f63kOExb4tXppCew,Caspian Bistro & Marketplace,159,4.0,44.97322,-93.22205,$$,55414
XBYy3YLTmB3RBOn4YRIsGg,Elsie's Restaurant Bar & Bowling Center,133,4.0,44.995,-93.266,$$,55413
Kkur-UQSGEomm7pW4qi-0g,Q fanatic BBQ,136,4.0,44.89396,-93.27773,$$,55419
uzkzDQZyZzDkbtjdrbdH4Q,The Red Sea,99,4.0,44.97076,-93.24746,$$,55454
Cd_1vLse11Mn6vcRdk8Ybw,Wuollet Bakery,18,4.0,44.94854,-93.29038,,55408
USu1krhYOixSP-4DIKFytQ,Iconos Gastro Cantina,15,4.0,44.94913,-93.28772,,55408
Xg-x-mnNvTHLlqXJo4dW0A,Ramen Kazama,105,4.0,44.9877,-93.22986,$$,55414
xc50JRxUVDGUdP1AAtBfcQ,Dominguez Family Restaurant,175,4.0,44.91231,-93.22359,$$,55417
-Esl5AWeRylx2obnyk14_w,Rosalia,54,4.0,44.92422,-93.31532,,55410
9hTC7p_zFVVuasnMY2U_Kw,Stepchld,45,4.5,44.98857,-93.25754,,55413
HUdKSeU8SQbjFLbNzypQ9Q,Luigi’s Best,31,4.5,44.93779,-93.35064,$$,55416
mkkrCmmtQgvleYkjVVR3xQ,Union Hmong Kitchen,34,4.0,44.98506,-93.27709,,55401
gZPo2ZNevTvi57rwc9crMA,Apoy MPLS,96,3.5,44.92505,-93.27778,$$,55409
s5IUWy0oSo5eNaGPkBoIBQ,Blaze Pizza,105,4.0,44.9735,-93.22328,$,55414
fXGVtl0dYIIlVhJeoK55TA,Grande Sunrise Mexican Restaurant,63,4.5,44.90189,-93.22334,$,55417
yJM5iqWEP8xR0cJF7u4iew,El Mariachi,43,3.5,44.95276,-93.27842,$$,55408
quCCpdzgAdn_nFcPE5OELQ,O’Shaughnessy Distilling,52,4.5,44.97368,-93.21086,$$,55414
lJMhLawjrQexJuPGHEmPqA,Valentino Cafe,27,4.5,44.97367,-93.27188,$,55402
KOLs1Oml3wa6M_kwYamSPA,Gion Restaurant,191,4.0,45.02215,-93.39904,$,55427
iUfemoP0vXtqEEARxlZXcw,Salsa A La Salsa,49,4.0,44.94869,-93.26068,$$,55407
Jo5RO8jGYkCM2IBVxywqHQ,The Malt Shop,194,3.5,44.91217,-93.29008,$$,55419
VX63vlZNG8IUEmrG8w5kmg,Agra Culture Kitchen - 50th & France,258,3.5,44.91243,-93.32743,$$,55410
BEc3fvrr-AqkZH80LYhd0w,Greek Grill,60,3.5,44.97638,-93.27016,$,55402
ew-_fqpQc8ffzfx0-Zj1Yg,Sonora Mexican Kitchen & Bar,12,5.0,44.96828,-93.27821,,55413
DSjxZq3YKY9p9vQ-T3GcjA,Kaiseki Furukawa,24,4.5,44.9846,-93.26761,$$$$,55401
Y42qmKCfFqyhAZJn_dX2uA,Kieran's Kitchen Northeast,48,4.5,45.00164,-93.27002,$$,55413
3gn2zHD4Xgmzb7QVn73nZA,The Fremont,80,2.5,44.94947,-93.29609,$$,55408
o7-XqsvdEuTD1K-hYnwtbA,Kindee Thai Restaurant,199,3.0,44.97809,-93.25678,$$,55401
fv-rB9-4wsaQ185SIl5dvA,Kowloon Restaurant,142,4.0,44.97377,-93.22443,$,55414
GfyN_oN36jqga4LVLdc5Ww,Frank From Philly & Andrea Pizza,137,4.0,44.98151,-93.23795,$,55414
z3Vj8bNfnQDfnS3XXDC0xQ,Marna's Cafe,54,4.5,45.03108,-93.33874,$$,55422
xvXWDQWCJSIbvVmJN47NTw,The Bungalow Club,76,4.5,44.9487,-93.21129,$$,55406
j_g0Az2AtD6ChDMVIxzGmg,Tracy's Saloon,109,4.0,44.96253,-93.2405,$$,55404
A0fmKkiSVDxmb0tuKE61hg,Arezzo Ristorante,150,4.0,44.91086,-93.32888,$$,55410
8bmrEZ_ahg2RokEOYqYAGg,Crepe & Spoon,86,4.0,45.01022,-93.26245,$,55418
AcBpqjNxzxOcEJraH9XK5A,The Howe Daily Kitchen & Bar,273,3.5,44.936,-93.22472,$$,55406
qwH12jQpK9fIsVdJ_i-Y1A,Lu's Sandwich NE,107,4.0,44.98997,-93.25262,$,55413
tysQgeEfHgTgeguvs4-6lg,Bep Eatery,30,4.0,44.9764,-93.27515,$$,55402
1Y8dxmy8A9ngfkH7hH-uhg,Dong Hae Korean Grill and Sushi,230,3.0,44.97626,-93.25583,$$,55401
lomSayFubTeepDx0wRJ6Gw,Pizza Shark,8,4.5,44.99164,-93.22112,,55414
AkqWKcbB39v6F_4Cg1GXiQ,Cafe Patteen,33,4.0,44.97363,-93.27149,$,55402
yzRYHyHlTLBWsX7gyVnaYQ,Mesob Ethiopian Restaurant,45,4.5,44.93167,-93.22639,$$,55422
U_P2c1nOyex1KMJbQwM3Dw,Skyway Wok,72,4.0,44.98027,-93.26615,$,55401
byILDQxUfrlyP7IKBLbTVw,BANK Restaurant,144,3.0,44.97765,-93.27026,$$$,55402
78NN9e4cjZ2d4G_dkx7U_w,Soul to Soul Smokehouse,23,4.5,44.94849,-93.26107,,55407
cWfRxbq5P388kCYQNot46w,Third Space Cafe,9,4.5,44.94904,-93.28834,,55408
XGXI1C69atE2FSydofakAw,Sip Coffeebar,76,4.0,44.99911,-93.27171,$,55413
pQG1KJGbTuFVGW8vjj-5EA,JJ’S Poke,51,4.5,44.98186,-93.23492,,55414
l8Vyidue1YbCmUyeYxykJg,Lush,170,3.5,44.99539,-93.24761,$$,55413
-HvTi8LyizWgNVH4esRgTA,Breakfast Bar,67,3.5,44.98147,-93.27193,$$,55401
fq9jC-Jl55VySyZ66-nN1A,Rusty Taco,215,3.5,44.98924,-93.2524,$,55414
SYM4w-tN3cEC1PFNPsKpAg,Twin Cities 400 Tavern,136,4.0,45.00241,-93.213,$$,55413
MwpsFL1YeP5TSO_F9G2NyA,Side Chick,44,3.0,44.948,-93.28849,$$,55408
j_NWsRkcmQgn8HaxJfBxSg,Pineda Tacos,82,4.0,44.94865,-93.2408,$,55407
NHq-dA_9OQZ-28GMBH9jwA,Coconut Whisk Cafe & Boba Shop,24,4.5,44.97462,-93.27399,$,55402
fGWdvXWxN9hlvebIjU10pQ,Soberfish,198,3.5,44.96286,-93.23288,$$,55406
niPSKRVEUa23g_6GDkcAiQ,Arizona Taco Company,72,4.5,45.02291,-93.39956,,55427
nvLT-eYsqBk1V1zLIks17A,Habanero Tacos Grill,24,4.5,44.97593,-93.27224,$$,55402
vqGU5Zdtb7KhWZhkH0nFSQ,Book Club,161,4.0,44.9047,-93.30826,$$,55419
m-1nJOOMzuObL7Zt-O_tyA,Linden Hills Co-op,56,4.0,44.92195,-93.32845,$$,55410
PHy5DdQoOMTxu4sv51UbhQ,Ted Cook's 19th Hole BBQ,152,4.0,44.93423,-93.23137,$$,55406
vXkrUiHF2T2bHsrzKcq2xg,Meseret Ethiopian Restaurant,36,5.0,44.93257,-93.22232,,55406
-7Mj8RKLqxdvhixAAZC7nQ,Turtle Bread Company,113,3.5,44.92312,-93.32377,$$,55410
5JcH5PSGlaZS6KbsjSy2vg,Midori's Floating World Cafe,131,3.5,44.96265,-93.24121,$$,55404
DCgcpxRiguQkyYLoX-WAMg,Good Times,15,4.5,44.93423,-93.28399,,55409
k7oH_9osUfGSg7cXkz-ePA,Taqueria Los Ocampo - Global Market,34,4.0,44.94838,-93.26115,$,55407
q8fjnRyYF31DMivOp4PRgg,Uptown Pizza,69,3.0,44.94826,-93.28413,$$,55408
StJBRChXVAKm3K1fxe-9CA,Pog Mahone’s Pub & Grill,65,4.0,44.97625,-93.25575,$$,55415
Q-Y3K8jyOk2rZrJoqtJZaQ,Cafeteria La Loma,32,4.5,44.94823,-93.25309,$,55407
TXnblgeYzyMjBjOHaO2iqw,Kadai Indian Kitchen,51,3.5,44.97683,-93.26995,$$,55402
CeeSbpCqK8pzt6mw90lf0A,Flamin Thai Cuisine,92,4.0,44.97284,-93.24724,$$,55454
QWsDfmAJDqlEz4C8EOz1_w,Thr3 Jack,20,4.5,44.98795,-93.27803,,55401
K6nVFB8352tIrEA5x7Bdmg,Sabbai Cuisine,39,4.0,44.94897,-93.2606,$$,55407
HUfwLMwKtXOw8dZEmscojA,The Hilltop,119,4.0,44.91096,-93.35202,$$,55436
CBMrq-URPZ0CGzUatPHMZA,Natedogs,18,4.5,44.97823,-93.27155,$,55402
v2vGtJZD41xeOerQpR9Tzw,Chinatown Carryout,31,3.5,44.94947,-93.29305,$,55408
pdoKdMJe20wU5BSx_v4e2w,SotaRol,28,3.5,44.94876,-93.29681,$$,55408
5dugt8MavB8fNUGakqfGyQ,A&J Fish & Chicken,45,3.5,44.94859,-93.26867,$$,55408
bztFhfnncnEDyBrICkWwhw,Orient Express,17,4.5,44.97709,-93.26949,$,55402
8uZnSGgCH1eo1r81S_xOOg,Lake Harriet Pizza,71,4.0,44.91196,-93.3085,$,55419
rOkQe_PZfpi9qCC9W9DZtQ,Sotarol,160,3.5,44.91224,-93.3274,$$,55410
DrFXRkJaI0YhKLCe0smZkA,Scott Ja-Mamas,78,4.0,44.90386,-93.27832,$,55419
yX86usBHkfceuBlysWX4JA,La Colonia Restaurant,101,4.0,45.01017,-93.24717,$$,55418
ZVQzJcOwbPQrKk7QBQB7uA,North Loop Galley,36,4.0,44.98795,-93.27803,$$,55413
_HsLhHxQ1iVVfwMkbdKv4Q,Mac's Fish & Chips,115,4.0,44.90521,-93.28726,$$,55419
lAyb_J1VX-1Tli8uumVBvw,Taqueria El Patron,10,4.5,44.94813,-93.26991,,55408
VmD809NTO2QYMCorVYu30A,Golden Fingers,22,4.0,44.96315,-93.26295,,55404
lxPP5yNUQJMYmW2dsZclLQ,Bona Vietnamese,143,3.5,44.97379,-93.22624,$,55414
gCXjPUcNerPHtJ9-5CuIpQ,Prairie Kitchen & Bar,62,3.0,44.971,-93.27762,$$,55403
cvqfrooysU0sI91UN6BIlA,Bunker's Music Bar & Grill,69,3.5,44.98825,-93.27778,$$,55401
WCQGrDxBEwtGuutJSAHu9w,Whitey's Old Town Saloon,102,3.5,44.98843,-93.25469,$$,55414
2an587jm2Hefa9TafiseNw,Raku Japanese Restaurant,166,3.5,44.91224,-93.33048,$$,55424
Toh-YLCULBVXyWsgn1_pPg,Camdi,112,3.5,44.98088,-93.23635,$,55414
vsD2dHBFto8Mf2aQcwq3WQ,Parkway Pizza,74,4.0,45.02019,-93.23677,$$,55418
6FrCprKhDWJCHu97209G_w,Legendary Spice,173,3.5,44.97237,-93.22304,$$,55414
HTmGnEYH-dU59OA5bhNVCA,C & G's Smoking Barbecue,81,4.0,44.91638,-93.27779,$$,55419
8XKUgiI_kR-V6bf6t9dc2Q,The Salad Bar,45,3.5,44.97766,-93.2732,$,55402
oaUY94v5x7jHhADe_t-E3g,Trax Burgers And Bar,29,4.0,44.98365,-93.27843,,55401
o7u2OLUs8dmd4T3g5_mxZg,Chicago's Taste Authority - Minneapolis,158,3.5,44.92675,-93.22697,$,55406
UvY-UyrEUjUkunyrNWtzdQ,My Burger,74,4.0,44.97423,-93.22682,$,55414
G4Duu8iv8vZQpHww7qfJnA,Bar Brava,22,4.5,44.9987,-93.28155,,55411
W5Igi8znQJLpl2WI02qraw,Jersey Mike's Subs,30,3.0,44.94858,-93.30113,$,55408
fPcZCUZISblsn_DI_EZfJA,Banh Appetit,46,4.0,44.98205,-93.23483,,55414
wI4LPj4vqf3EVLN-rAEq4A,B.A.D. Wingz,32,4.0,44.98479,-93.27713,,55401
BpWQT7EFL5wODNs36v5K6g,Pow Wow Grounds Coffee,18,4.5,44.96294,-93.2544,$,55404
NZtjyAtRx2e6RWinLNrDuA,Nonna Rosa's,192,3.5,45.03123,-93.33889,$$,55422
Haa7PDjT4HF6gCHt-EDObQ,Daily Cairo Grill,16,4.5,44.96315,-93.26295,$,55404
Ycy8vVu4Qyfvc3RKbt5hSQ,Bill's Garden Chinese Gourmet,102,3.5,44.92651,-93.23174,$$,55406
C5EY8HZ-M9bJNW0HN2JOew,Cardinal Tavern,85,4.0,44.93423,-93.23005,$$,55406
hPOU6JQoAIYU5Jl4l8sGYw,Hamdi Restaurant,22,4.0,44.94862,-93.2619,$,55407
h5wRik_Nm-d4WSbXSChGtQ,Marino's Deli,67,4.0,45.00935,-93.23737,$,55418
fm0EEoRx4zPwqVwaKDqSQQ,$5 Pizza,15,4.0,44.96247,-93.27437,,55404
qgV2NGFS2ZL3JCwKTMkkPw,Birchwood Cafe,646,4.0,44.95721,-93.2234,$$,55406
g45polCAN-EZY_P-pWaOdA,The Sheridan Room,87,3.5,45.00107,-93.26271,$$,55413
_sAGia12RkanRXvnDbAupA,MinnyRow Market,19,5.0,44.92425,-93.40919,$$,55343
dIgTL4aZfqRfWqWgGI5DHQ,Pupuseria El Rincon Salvadoreno,25,4.0,44.94809,-93.2529,$,55407
8fqvt-yHMtcDE61_oOCY5g,Thai Table,133,3.5,44.98654,-93.40781,$$,55441
QYuSdP4zVTzoccC4cKsHsw,Jackson's Hole,57,3.5,44.98235,-93.27146,$$,55401
7So6bvtl5Li4lhzOBHk8AA,The Bulldog Downtown,51,3.0,44.97489,-93.27944,$$,55403
lHa8bq1ovao_s0dOdzKkTQ,Tailgate Sports Café,85,4.0,44.89267,-93.27866,$$,55419
FqIbO_zcCa9YTeFn-e0qnA,Lakewinds Food Co-op,45,4.0,44.88654,-93.28795,$$,55423
_lUbkGITB2XscMzSiynotQ,Dusty's Bar,49,4.0,45.00074,-93.27028,$,55413
rEsNYWCllB6z0MzR_LguWQ,Town Hall Station,105,3.5,44.89197,-93.33942,$$,55424
pMuBwKsgePvw952WphVWJQ,Dragon Wok Delivery,86,3.5,44.93388,-93.26157,$$,55407
IyUXvgmxqE6l3HreQoyUgQ,Arepa Bar,11,5.0,44.94849,-93.26107,,55407
Ysv8SsJ40PzqBbbU0tRfHA,Tea House,210,3.0,44.97894,-93.40707,$$,55441
pbM1dhUHUn5UrFIYLThd7A,Chatterbox Pub,196,3.0,44.93937,-93.23911,$$,55407
_2QXPN9GJzRbNVFmDh1q9A,Mary Ellen's Bistro,25,4.5,45.00069,-93.26444,,55413
mbGV-04AhU3EtgdlBGhVyg,Dagwood's,23,4.0,44.98043,-93.26574,$,55401
mGVLaAn-3TfSjlKUbvTlLg,Pham's Rice Bowl,69,3.0,44.94848,-93.26101,$,55407
-ub4Ci_evLokH-QTmvJB-w,Kabomelette,22,4.0,44.98512,-93.27123,$,55401
95b-2o00aYtW1XQGyl81Pw,Travail Minneapolis Residency,12,3.5,44.96327,-93.2914,,55403
CAcpLk94r75eCfB1mu6kUw,My Burger,42,3.5,44.97688,-93.27003,$,55402
iHreFzEZCeYYTxWzxsPIFA,Green + The Grain,14,4.5,44.97687,-93.26759,,55402
O8lba5DnEQcLAIL1mmr5QQ,Sal's on Fifth,47,3.5,44.97975,-93.2727,$,55403
3jtbtxTSxzgZwcAhTBhSEQ,Geek Love Cafe,20,4.5,44.94718,-93.23389,,55406
WKXSVzG1PxEDvl74mnHPIQ,B-Dubs Express,19,3.5,44.9481,-93.29514,,55408
ashLt4T5flPWmMy0guUT8A,Taqueria El Travieso,36,4.0,44.91269,-93.31868,,55410
L20O5QARAkBrwv81XMsfNw,Shaws Bar & Grill,47,4.0,45.00401,-93.26351,$,55413
p8b8PnKbU5aKBr9AXWXiMQ,Snuffy's Malt Shop,62,4.0,44.89185,-93.33946,$,55424
NzdgoqeOPrOoHYxg93ByEQ,Freshii - Gaviidae Common,42,3.5,44.9773,-93.27129,$$,55402
LvGXa3_xmSqOoGS3fsPG5g,New York Gyro,16,3.5,44.94915,-93.28392,$,55408
KoDCF00KmveF8NVZuCZVqA,Mort's Deli,262,3.0,44.98447,-93.38122,$$,55427
59PXZGL-1uDBiRSZx-xdEw,Kip's Irish Pub,124,3.5,44.97508,-93.40871,$$,55426
2p8yps_l-IhSH9Kn7juiBw,Great Wall Chinese Restaurant,101,3.0,44.92097,-93.32865,$$,55410
Ji_AEk_L8ADdoAfDJ9135A,Jersey Mike's Subs,52,3.0,44.96628,-93.34992,$,55416
ADnP1n7h6ZZb900eAGNUsw,Brava on Wheels,25,3.5,44.9763,-93.27089,$,55403
dprut0sSiLCj2gxApJkbDA,El Norteño,74,3.5,44.94858,-93.21503,$$,55406
rnTwvs2ZFb19c-sIoFJZGQ,The Test Kitchen,16,5.0,44.97395,-93.22578,,55414
6qn4Nt4frApZ2vn2rQerKg,Okome House,27,4.5,44.9217,-93.21238,,55406
Qv4k6R_165VCmpSTjzylKQ,W XYZ Bar,38,3.5,44.97657,-93.255,$$,55415
VtsXtKbe4KWYif90LAzACA,AMA Sushi,18,4.5,44.91163,-93.32865,,55410
OdwtcXNV_pkWf5DcEEvrVw,Akwaaba Restaurant,20,3.5,44.96459,-93.27743,$$,55403
HPqa3lG2cFtmaEVyaENaCw,Sumo Grill And Buffet,149,3.0,44.94895,-93.24,$$,55407
liGze8km38SvCi3WwCChew,Hop21,32,4.0,44.97831,-93.26116,$,55415
exPMPQkqxK_OKEvdktVBew,Hope Breakfast Bar - West End,31,3.5,44.96748,-93.34856,$$,55416
lNZGXSFfxCfu4_ecyZreIw,Burrito Loco Bar & Grill,150,3.0,44.98151,-93.23644,$,55414
ZIsbdA7YFoX8pkUc7OptBQ,Seward Co-op Creamery Cafe,79,3.5,44.96265,-93.23436,$$,55406
X-ZFaRdfSJgINJS47qs64A,Mama's Bakery Pizza & Salad Bar,20,3.5,44.9757,-93.2738,$$,55402
ckKB8UY5IcKZEVjM28jJWg,Lao Sze Chuan,102,3.5,44.97336,-93.22728,$$,55414
Oy-WUbasKBaHCyFH4681Rg,Tony Jaros' River Garden,57,3.5,45.01331,-93.27206,$,55418
laTt8Fkkp6375DBiKd3VuA,REVEAL Rooftop Bar & Lounge,26,3.5,44.9695,-93.34421,,55416
-LAWjIGdvJ6YV6H1KPgH_Q,Carbone's Pizzeria - Minneapolis,105,3.5,44.91771,-93.24703,$$,55407
AJrnKVQXK9WHarMLagLXUQ,Capitol Cafe,21,4.5,44.96264,-93.23697,$,55406
irTAxcYgg8eVCahiV6VjEA,C McGee's Deli,20,4.0,44.98885,-93.28111,$,55401
bweUMJLEis2XOvFlfpeX7Q,The Birdhouse Eat & Drink,43,4.0,45.03062,-93.33895,,55422
O2g9qkGrJaPE6WAkRwJZAg,Pracna on Main,95,3.0,44.98481,-93.25537,$$,55413
fFDJDHw8Iwg9zI7AUZ4rWA,Cedar Inn,57,3.5,44.92713,-93.24694,$,55407
SfxWIcQdrkhRMv0Op9g2_w,Hook Fish & Chicken,14,3.5,44.94825,-93.28247,$,55408
gtpne2G2SThK0J7RaFeUOQ,Wyn 65,16,4.0,44.97634,-93.2708,,55402
b1qOK7AOSFh3FWgHLvustw,Sichuan Restaurant,38,4.0,44.95926,-93.37184,$,55426
inO-L_ZxqlsYTf87rw17lA,The Beacon Public House,82,3.5,44.97438,-93.22959,$$,55414
F2EUru-MP4qZseeN0P022Q,Turtle Bread Co,117,3.0,44.91625,-93.26287,$$,55407
_tIZwSAcjrXsutiyqV_p5w,Stub & Herb's,109,3.0,44.97381,-93.22692,$$,55414
o1EuAOHFmkOGFVJnapZTbg,The Corner Bar,55,3.5,44.97275,-93.24773,$$,55454
V0dcNLgzZ34sJT0c604_YA,Benihana,223,2.5,44.97357,-93.37118,$$$,55426
_i1o27fcGx4h_ySibELuQQ,Muffin Top Cafe,27,3.0,44.96797,-93.27807,$,55403
TqM6AyDPr32mQJoq1EvxvA,The Lynhall No. 3945 Edina,20,4.5,44.9131,-93.33046,,55424
17zcBBc9SQ2TUCbICbfRLA,El Primo,14,4.5,44.93647,-93.25402,$,55407
LVTI-R8dw9SrbclFNLkOKg,Stadium Bar And Grill,40,3.5,44.98371,-93.2721,$$,55401
RnhRbBzhvUEZ3-QQlXHiKg,Adelita's Mexican Restaurant,106,3.5,45.01242,-93.24693,$$,55418
dc5ePhv-hObvrYG9cSQg4Q,Grass Roots Gourmet,10,4.5,44.94848,-93.26101,$$,55407
qvSGJU-XQTUarxmkccdxqg,Pita King,31,4.0,44.96283,-93.23782,$,55404
ERv86DGRd7Dz902CGiHcjw,The Anchor Fish & Chips Food Truck,24,4.0,45.00086,-93.26433,$$,55413
3BrweyuHMhBpjGckFwn60g,Gatherings Cafe,7,5.0,44.96321,-93.25231,$,55404
jeZWuEGlfrYwbKPRnQTuvA,Bunny's Bar & Grill NE,58,3.5,44.99911,-93.27171,$$,55413
X6t4xTZCnkBhl8EpuwgOEw,Fly Chix Stadium Village,29,4.0,44.97317,-93.22685,,55414
N3qVkq8P42uR6VXUKVmtxw,Wholesoul a Lavender & Sage Eatery,10,5.0,44.9398,-93.25333,$$,55411
Pgs52nSjz8ZazpoRdc_mpw,Taqueria El Primo,4,5.0,44.94957,-93.27904,,55408
tfHMt5uy_GjtWPs6magTyQ,TGI Fridays,77,2.5,44.969,-93.35401,$$,55416
wdMczmWDR17NBJ60T1s-dw,Rebecca's Bakery,18,4.5,44.96265,-93.24026,$,55404
ZsC6U6BtetO6VnClXDn5IQ,Farmers Kitchen + Bar,16,4.5,44.97851,-93.25669,,55401
KcCHX0XDEgFZoqTimYnIpA,Milwaukee Road,42,3.0,44.97986,-93.26246,$$,55401
eG5hVbO4rG-UxmgakoXUMg,Kwan's Chinese Cuisine,56,3.5,44.90458,-93.30904,$,55419
Q_JMqUFOco1zMQES8WvzvA,Crystal Café & Grill,56,3.5,45.00785,-93.3594,$,55422
OS8gr-aizDJTOEp2792Kbg,D. Brian's Kitchen & Catering,34,3.0,44.97542,-93.27393,$$,55402
BYa3MwTRhtbiKExAraIjCw,D.P. Dough Minneapolis,61,3.5,44.979,-93.23473,$,55414
V-7qYsL2gw0W8YWmC7J4cQ,So Good Asian,17,3.5,44.97708,-93.26804,$,55402
1hEjiFKf3-cyz9fyp4jSPw,Butcher Salt,27,4.5,45.00975,-93.28093,$$,55411
oBtmprsxrjl_0AiMsYwtfQ,All Saints,18,4.5,44.98774,-93.25667,,55414
BQvpnYJOnaKpBzDvGV_DVA,Patrick's Bakery & Cafe,42,3.5,44.89408,-93.29018,$$,55419
g0IWEUWVs8CpAQPaO9_XJg,Krona Bar & Grill,19,3.5,44.97629,-93.2694,$$,55402
cTxdsbZfwlveFnsfFrG1gw,D. Brian's Kitchen & Catering,41,4.0,44.89847,-93.39941,$$,55436
f2Pzq8g1JKApBsObSwK-3Q,Sambusa King,29,4.0,44.92683,-93.38691,$,55343
dclXA-qhD85zAbYUVpyK1Q,Volante,86,2.5,44.97903,-93.26493,$$,55456
DLJfFVy8AMwlCxGXrNjOiQ,Turtle Bread Company,57,3.5,44.94131,-93.21236,$$,55406
xrJ0Dg7kwE90Wgxc5--otw,Sally's Saloon,118,3.0,44.97358,-93.22852,$$,55414
AnB83Em9f78TWVExaHB9nA,Famous Dave's Bar-B-Que,18,3.0,44.94853,-93.2896,,55408
yhXH0lTN9e9x9eTkxPWCSw,D'Amico & Sons,47,3.5,44.9838,-93.37953,$$,55427
FSoCl9nWKQ3azx-LPsZPTQ,New China Express,50,3.5,44.98092,-93.23579,$,55414
qhC7eM0NNewZw3WTn3T_Sg,Cinema Grill,63,3.5,45.00884,-93.38055,$$,55427
pXNxN_jpbCcoUtAA--tyZQ,Fast Eddies Pizza,29,4.0,44.91651,-93.27768,$$,55419
5gDAUY0X3ibF9cnnsmpN3Q,Quruxlow,27,3.5,44.94861,-93.25425,$$,55407
96eiSbITmJ7x3telDftzNw,Star Dragon,50,3.0,44.94866,-93.25172,$,55407
seikDRYt0VpJGBA7yQ4ZGw,Ten 01 Social,21,3.5,44.97267,-93.27307,$$,55403
a6RDqBq2kXraYAO4A3kiOg,La Michoacana,7,5.0,44.94824,-93.25076,,55407
rujN_YOneKbzOd8VI7naQQ,Soul Fu,10,4.0,44.98794,-93.27804,,55413
h4KB_ziPQWxcTKeM4s8sHg,Tacos El Paraiso,17,4.5,45.02207,-93.3816,$$,55427
bKFjnfkTtg2a7Tk-_GNQvw,Naf Naf Grill,9,4.0,44.97505,-93.27133,$,55402
Eyk87eqqQyJYDJxXG4kqnA,EaTo,10,4.5,44.97941,-93.26364,,55415
qtDq5xzZf5V9Qt4XzV_JUg,Sarpino's Pizzeria,129,2.5,44.97585,-93.25344,$$,55415
5SOGnQWcab7i2IrjNq1rKA,Asian Max,25,3.5,44.97721,-93.26884,$,55402
OmhUtPJRatN0LlCSF3p-7A,Jersey Mike's Subs,51,3.5,45.01825,-93.21632,$,55418
cUfmNdFC-5JKtfqrxoSK4A,U Garden Restaurant and Event Center,55,3.5,44.97219,-93.21723,$$,55414
nbHivuQi_XGBNLtto4cYvw,Café Finspang,10,4.0,44.94866,-93.2606,$,55467
J-46xFccAmnXtfv6Ns_H3Q,Knight Cap Bar & Lounge,38,3.5,45.00323,-93.26186,$,55413
dwGRCpN9CLr7QIkZenhoog,Bacon Social House,127,4.0,44.97679,-93.25898,$$,55415
U0twa-r9GehTA6DJAZJG_Q,Huie's Chow Mein,23,4.0,44.90549,-93.26302,$,55417
xirdg2tNsZH6ruK2STYB3g,Hawaii Poke Bowl,4,4.5,44.94904,-93.32128,$$,55416
qU7YqSB3qDg7gVny8sgE6g,Bushel & Peck Cafe,20,3.5,44.97866,-93.25733,$,55401
-X36JYJz1GL4Npl2vmkIdw,Jimmy John's,18,3.5,44.97711,-93.2677,$,55402
j2n2NQUbPrCYM8wBLbwmNw,El Taco Riendo,25,4.0,45.02006,-93.34508,,55422
7C8mX9gKHMN60BtTrfJSOg,Northern Fires Pizza,21,4.0,44.92712,-93.24657,,55407
Pxq5RtjoeV-Hj5vI2XlsBg,The Village Pub,90,3.0,45.0167,-93.21805,$$,55418
Fudscf37lDVuIiWDGzBhZg,Panera Bread,48,2.5,44.96419,-93.35108,$$,55416
QZpYuuvX8LzDl6L9bu6Mnw,Agra Culture Kitchen - Minneapolis,17,3.0,44.95859,-93.27422,$$,55404
cO1jcDjSP3u105zZlLd_fQ,Katar River Restaurant and Bakery,19,4.0,44.95251,-93.23522,$$,55406
TMfzS1A3kyWyIOZ1EzDTlA,El Asador,11,4.5,44.91628,-93.28473,,55419
_SGhmJ7ZIhECSMi_PBN-WQ,Thai Thai Street Food,11,3.5,44.97633,-93.27054,,55402
9-qmamOFqRl_aJwhufcWZA,Broadway Pizza,68,3.0,45.03092,-93.33593,$$,55422
2UDx_YIpaKBU9GDAtE5Jwg,Pollo Movil Mexican Grill,14,3.5,44.9481,-93.26917,$$,55408
WiQnmN665sGQWpM3z6e23g,QC Pizza - Minneapolis,13,4.5,44.90343,-93.22253,,55417
_wcMWtrNzpBcAwkHfG9Eew,Intown Sushi,11,4.0,44.94848,-93.26101,,55407
ZmarP6Isu890c-omwk1QQQ,Jimmy John's,30,2.5,44.97468,-93.27719,$,55402
c4NKwWe_tYuO64X4pXRgEw,Union Bar & Grill,45,2.5,44.97707,-93.27541,$$,55403
DtfUhXrojVM4zprigwYIZQ,Pizza Hut,41,1.5,44.95965,-93.29337,$,55405
2bDUoGX_VA1YP7O2aENksQ,Prieto Taqueria Bar,14,4.0,44.9163,-93.27758,,55419
Hw_2k5tyfs8xVMA4miAgtQ,Market Bar-B-Que,72,3.0,45.013,-93.26506,$$,55418
O_F-TCRtUcBBOymbEQhH0A,Dover Restaurant and Bar,26,2.5,44.96894,-93.35035,$$,55416
nabYDTLbvzkGJsiAXOCEmw,Mango Bar & Grill,20,4.0,44.98931,-93.25346,$$,55414
L8ZpzGwmkULQW5bALbi3XQ,Basil,9,3.5,44.94834,-93.34421,,55416
bNf9M6N3eOKnHVSsGHTvMw,Federal Cafe,10,4.0,44.97825,-93.2647,$,55415
1HgEfwmOg3enWLQlgIDQTQ,Qoraxlow Restaurant,6,4.0,44.94977,-93.28223,,55408
CWPI9Q1ggE-ZVH9svHUJ3A,The Burger Place,18,3.0,44.9765,-93.26744,$,55415
VaEY4xoDh1Y5bvmvBb5Bug,Korean Bowl,22,4.0,44.97916,-93.23471,,55414
9H7QGnPk3-eLGP9KAk76mg,Brasa Rotisserie,12,4.0,44.91974,-93.29039,,55419
5EQZ5mJq5lkH8Z4oQKNjmQ,Ed's Kitchen,7,4.0,44.96463,-93.34533,,55416
9t8oadi7I8HowMCMO6fHjQ,North 45_ Restaurant and Bar,13,3.0,44.97066,-93.2772,$$,55403
WaLWBWuBAcUFsum6xQs8XA,La Perla Tortilleria y Pozoleria,7,4.5,44.94823,-93.25309,$,55407
nzHyDhZgMNnwzu9BpzJZMA,Pizza La Vista,54,2.5,44.98034,-93.27425,$,55403
lUf11ELKytxqtHnN_MCWhQ,Chick-fil-A,51,3.0,44.93706,-93.38134,$,55426
ndTUB32YHHPIxkFXyyM0yw,Pizza Man,22,4.0,45.00819,-93.35943,$,55422
EFWJePdgb6uSSgBtJJql9g,Texa-Tonka Lanes,32,3.5,44.94993,-93.38435,$,55426
rYXm7QhNWVD4PKYxBJlNVA,Whiskey & Soda,8,4.0,44.97736,-93.26961,,55402
nFB1sAHyZPxf73eFDqvSwQ,Bonchon Dinkytown,28,3.5,44.98073,-93.2354,,55414
pi79o3Ic0Lw_dTEhZfca3g,D. Brian's Kitchen & Catering,15,3.0,44.96657,-93.34557,$,55416
7D0A1_NwwtaOatvgUXXL4Q,Las Tapatias,3,5.0,44.94813,-93.27247,,55408
BhlZVhu8KhTt9Z0jNRdkkA,Ju Yuan Chinese Restaurant,64,3.0,44.98639,-93.38092,$,55427
SOzCglIyruMNgtOeA7yQhA,Blarney Pub & Grill,82,2.5,44.98077,-93.23504,$$,55414
-dSl6I4AS1mIQaMhSwuViA,Daalo Grill,5,4.0,44.95396,-93.27787,,55408
pJcfrhw7_r7hnpDWc-0zew,Abang Yoli,13,4.0,44.97294,-93.21314,,55414
9GYDp5N1RljwT9kNw326MA,Arturo's Pizza,10,4.0,44.98853,-93.25694,,55413
UjzEyF4t4iV2KoWraNb7kQ,Coffee and Bagels,9,3.5,44.97295,-93.27578,$$,55403
j-iNYbhC47nK1S43pzNVsw,Taco John's,12,3.5,44.97686,-93.27001,$,55402
LlfSL7BghC76fgZHuIYcCQ,West Bank Diner,19,3.5,44.97041,-93.24733,$,55454
AJBnuzl2OzugitMY6k9Lrg,The Joint,17,3.5,44.96342,-93.24708,$,55404
WMLHsOUGY9WKJ_SEfSUnjQ,Panera Bread,54,3.0,44.93633,-93.38553,$,55426
8wYlDu3TUARWzO-m8JJLNg,Master Noodle,10,4.0,44.97956,-93.23422,$$,55414
1JLwsb3A8gSUcD0kK_EiSg,West Indies Soul Food,7,4.5,44.95436,-93.14985,$,55104
bmfC_C5KPUZYqeIFiM4FiQ,Hamdi Somali Coffee,2,4.5,44.95011,-93.28319,,55408
LyYaAke04D56sTOf9yMLqw,Colonial,6,3.5,44.9524,-93.27808,,55408
rZX9Ocm9RiM6-U9qecBbOA,Enji,8,2.5,44.94853,-93.29677,,55408
_Yuv3jhvQBXPtWXPtIGurA,Francis,6,5.0,45.00299,-93.24242,,55413
K2ahjZ7QiDJegYQpxtN-KQ,The Fabled Rooster,3,4.5,44.98489,-93.27732,,55401
oqAsb9Lz-q52gmHLVz4DrQ,Papa Murphy's,18,3.5,44.93719,-93.38048,$,55426
X310bC6QGDvKy7CvUZYBgg,Mill Valley Market,9,3.5,44.9915,-93.32631,,55422
yTNw2ZdXTs3_qxdXiKafow,Bread & Pickle,102,3.0,44.92797,-93.30832,$$,55419
Nlne49nTaroIGGM8TCCdcQ,Wings N' Things,28,3.0,44.9994,-93.28458,$,55411
K_9cjX16-gLAOSdLZzgoYA,MARQ VII Lounge,6,3.5,44.97621,-93.27122,$$,55402
tZhr57EtkUmBGhmMAjax5A,Lite Bite,5,4.5,44.97927,-93.267,$,55401
fQsZAwwgWKjZ0nCrPZY_qQ,Dairy Queen Orange Julius,3,4.5,44.97574,-93.27392,$,55402
ps1AVjCzwZaoyl2UTSfhMQ,Bullwinkle’s Saloon & Funbar,19,3.0,44.97298,-93.24806,$$,55454
BtTR7gWw64E5Z8DpbMpDmQ,Fare Game,6,4.5,45.02063,-93.2374,,55418
RJ7fNNyEL-PWoJgbeRvbug,Crave Cafe & Deli,7,4.5,44.99683,-93.23064,$,55413
8zPmVqy7JmA5pEHdW1-7Aw,Emconada Food Truck,11,3.0,44.97755,-93.27006,$,55401
nWfBXB8KfmFYGC3H4P2DxQ,Raising Cane's Chicken Fingers,15,3.5,44.97899,-93.23494,$,55414
LtGfTms8RF6Gf80U86Av1A,Leeann Chin,19,3.5,44.98374,-93.37766,$,55427
zJJVS4KuRzNm7423l6sTOw,Creekside Supper Club & Lounge,19,3.5,44.91539,-93.26303,,55417
7ph5z0_zXn1mqmzvV_a1yA,Northern Shores Grille,6,3.5,44.97765,-93.27358,$$,55402
yTZ_g-2cSYLBXZm_r3_n3Q,Como Tap,14,3.5,44.98768,-93.22182,,55414
MKQaeCEms7d3t6KU7fJINA,Applebee's Grill + Bar,60,2.5,44.93687,-93.38492,$$,55426
5PoPFVePRdO3ygOMDwRwhg,Porchetteria,6,4.0,44.91216,-93.30845,$,55419
vNfVAqjP5Or8YcY8q6seqQ,Phal's Best Steak & Gyros,4,4.5,44.97586,-93.26041,,55404
eGaqTA0j5U83vASiXuYFMQ,Taqueria El Primo,5,4.5,44.94817,-93.24774,,55407
EDQDNG85bLsNaVznBBX4nA,Market,4,4.0,44.97102,-93.27719,$$,55403
0lvRXY36c8pJchnq20672g,Slice,10,4.0,44.98954,-93.25235,,55414
woz6tII-XWjPd3ASkuyStg,Gnocchi Me,4,5.0,44.99543,-93.26176,,55413
f9S5s1k3romwRYcLZsCScw,Level Five Cafe,30,2.5,44.97815,-93.25612,$$,55415
mKjmsMO5stjiPggAWAZMkA,Erbert and Gerbert's Sandwich Shop,3,4.5,44.98629,-93.27337,,55401
gwRjYBEFKWC8DPqoFSNjbw,Deg Deg Grill Karmel Mall,4,3.5,44.94996,-93.2823,$,55408
GG4_5vHXvH5h3LTiFaIY_Q,Curry In A Hurry,8,4.0,44.96249,-93.22714,,55406
Ijf16x2LllzUQgIDXpUUKg,Mt. Fuji,3,3.5,44.95161,-93.29787,,55408
naFUfRdblFnNhUJZJjNABQ,Chick-fil-A,13,3.5,44.97281,-93.2354,$,55455
Vi5At5bnGhwyeAtG5wojRA,Red's Savoy Pizza,10,4.0,44.93602,-93.38761,,55426
MWACr4qmMSV-hUyDaakYMQ,Gorditas El Durango,3,4.5,44.94862,-93.25281,,55407
F0M6KA0nXtAzhmewwO5v9Q,The Naughty Greek,3,4.5,44.97625,-93.2681,,55402
93C40Q9hs1NLW2v2EIV8QQ,5th Street Station,3,4.5,44.98385,-93.27821,$,55401
q7yTsWbKQL6uH9tONc90RQ,Animales Burger Co,4,5.0,45.00108,-93.24568,,55413
-MjBUPbr9QatqBI_tdGzfQ,FireBox Deli,213,4.5,45.04057,-93.28731,$$,55430
Lrs0r2G3189Z0rkqdt5myA,Tori 44,113,4.0,45.03523,-93.30892,$$,55412
Wtcwwtj_mk5tLyU769ag8Q,Roman's Cafe,85,4.5,45.04109,-93.25952,$,55421
p6y10nZ0y4Ieeb7wt5rNrA,Hackenmueller Meats,57,5.0,45.03068,-93.33916,$$,55422
Ai3Fpdc1yJPjq7DKtwlqkQ,Stanley's Northeast Bar Room,267,4.0,45.01332,-93.26335,$$,55418
g9YUxhQN4bdxVEhWbEeqwg,El Burrito Cubano,69,4.0,45.04113,-93.28709,$,55430
V5Chvw7Ff1H7nJ4anBGZFw,Cecils,457,4.0,44.92191,-93.18779,$$,55116
34q1Hfuh6QqLP-BPuxN_mA,The Naughty Greek,439,4.5,44.9468,-93.16731,$$,55104
1qVOiuSGnldYG82YHq4S-w,Casper's and Runyon's Nook,977,4.5,44.92655,-93.15671,$$,55116
SHKU0W3IYExq3R76-UxfFg,Punch Neapolitan Pizza - Highland Park,194,4.5,44.92013,-93.18696,$$,55116
aYgiVYlFeh3EqVpTQR071Q,Highland Grill,309,4.0,44.91822,-93.18768,$$,55116
_vYb1T999TNxcpAt_R3HFw,Merlins Rest Pub,220,4.0,44.94809,-93.22021,$$,55406
xkR6J0RRGGsA79-7sU6Fvg,Sonora Grill,256,4.0,44.94869,-93.22393,$$,55406
djWzqqd5veME5uGIZ_Whtw,Groveland Tap,287,4.0,44.93409,-93.17787,$$,55105
dCIBsVR0fn3vOhHIYgU60A,Bull's Horn Food and Drink,102,4.0,44.91988,-93.22255,$$,55406
FYKic5eem69aQK90BtlG8Q,Tipsy Steer,40,4.5,44.91237,-93.21066,$$,55417
DZH-JCDOoZcf9G8n5KHpXA,Town Hall Lanes,126,4.0,44.91189,-93.22246,$$,55417
DB6GZeZnKU7dyszAs5TmnQ,Mei Inn Chinese Foods,97,4.0,44.92659,-93.25198,$,55407
nOqNDjhbQcH9xHVgqqcJdA,Bagu Sushi & Thai,189,3.5,44.91645,-93.26242,$$,55407
fnvQ0sYqs1Jth3P1K5tkyQ,Herbie Butcher’s Fried Chicken,42,4.5,44.91603,-93.26318,$$,55417
zpYHpfMdmEUkNylcq-Ue9Q,Hazelwood Food and Drinks,593,4.5,44.85634,-93.23711,$$,55425
cmouyztGR94WdpwpIBap2Q,Hamburguesas El Gordo,158,3.5,44.92712,-93.24694,$$,55407
XQYF9z0n3CmF3TsTX_OkMw,Standish Cafe,47,4.5,44.93396,-93.23679,$$,55406
VVrm-yo3zazn1Nq_Q5C_5w,Lucy's Market & Carryout,34,4.5,44.93444,-93.24694,$$,55407
srBzmvVxfQ62-bTw_LcIoA,Mama Sheila's House of Soul,94,4.0,44.93428,-93.25278,,55407
Y_6m9iJZK7EGZorBS9g6hA,Prima Pasta Salads Panini,113,4.5,44.90615,-93.28761,$$,55419
_XG2doH3I3RFGPU8aKXkLg,Wise Acre Eatery,345,3.5,44.90494,-93.27776,$$,55419
s2_85fNl25puWOQhVq4pFQ,Coalition Restaurant,153,4.0,44.91284,-93.32811,$$,55410
NBPh2-KvWWVf00dVq9X8Mw,Raag,100,4.5,44.91276,-93.32829,$$,55410
Mopw-koOu2bP9kPIl1v6Sg,Tea House Chinese Restaurant,312,3.5,44.97393,-93.22144,$$,55414
ZG1ZbICdPosZQJoIAsvsug,The Cove,157,4.0,44.98139,-93.23572,$$,55414
_BKkFuSQl6XqYHmLTNmtqg,Mesa Pizza,244,4.0,44.98083,-93.2362,$,55414
JsPgSq4EfTpSdFW5WUVtcw,Lepot Chinese Hotpot,184,4.0,44.98173,-93.23501,$$,55414
JCPGIbiEtHuxDDTaoaGDTQ,Colossal Cafe,327,4.0,44.98263,-93.19582,$$,55108
7H-_eo8vlr7mC9pyN8CY3g,Falafel King,56,3.5,44.94914,-93.32073,$,55416
dHapEZb25IlOj_boUlNhqA,Hazelwood Food & Drink,50,4.0,44.93505,-93.33714,,55416
niJEIK0JDlcNZRmWqPs7xQ,Crisp & Green,12,4.0,44.94904,-93.32128,,55416
MY6cgdcuYVgegivXPyWiVQ,Uptown Tavern & Rooftop,283,2.0,44.94941,-93.29739,$$,55408
2Uv_VXwGu_7RQFMDWXQgRQ,Jocko's Bar & Grill,3,4.5,44.32522,-93.83776,,56017
XfMuqCRgsJedgL11VBPwKQ,Kokomo's Bar & Char Grill,5,3.0,44.32556,-93.82945,,56017
7ssiDUjGKV8xYmUHc3VxKw,Minnesota Wing King,4,5.0,44.31872,-93.93707,,56082
KagYRoe-QgZZvfwXfSr-3Q,Westwood Marina Bar & Grill,22,2.0,44.25195,-93.88687,$$,56050
B9HqnndEkfAv0c7oeBSrnQ,The Woods Grill,5,2.5,44.31351,-93.92545,,56082
Tb52QKj0ZftJRQashUPrTA,The Lowry Café,96,4.0,45.01309,-93.30867,$$,55411
B8fyalFXdxkXTh7_kiOrnQ,Tooties On Lowry,80,4.0,45.01344,-93.31495,$$,55411
r5jYoCdIe6eh4zFYdksYNg,Pair of Dice Pizza,26,3.5,45.00927,-93.31505,$,55411
4ELmXmwmFS0x-jBm1QnshQ,The Get Down Coffee,5,5.0,45.03568,-93.29923,,55412
N3To-A4Z3LvDg0LpyuKgiw,City Afrique,10,4.0,45.03442,-93.28789,$$,55412
Dhk0RFJBzDMus_L6W8Kn0g,Jordan Grocery Halal Meat & Deli,2,5.0,45.01305,-93.29848,,55411
jA1EkVu9cEfHwRk4ulbEVQ,Joy Luck Restaurant,45,2.5,45.03194,-93.28876,$,55412
4-TK8fGXvemx79yqUoMRTw,North Market,6,4.0,45.0359,-93.29829,,55412
DBO4uvOs0XcA_kbZDzJUAg,Mykonos Coffee & Grill,6,4.0,45.03135,-93.28847,,55412
GTR9fxnvPTn7kxBIrHDdPg,Olympic Cafe,8,3.5,45.00346,-93.30761,$,55411
YvB-v6h3i3N5OgBRI0lWVw,Hui's Chow Mein,2,2.5,45.01337,-93.29394,,55411
mme1CUszxnMK9U4QjwKx3w,Chicago Grill,1,5.0,45.01337,-93.29394,,55411
MsHM_a9MMN47cP3UqFpVqg,Great American Pizza,1,3.0,45.03143,-93.2961,,55412
54-ocAfaolL6KeNmK9njBg,Camden Tavern and Grill,19,3.5,45.03873,-93.28787,$,55412
Ff6_8vLWtPcQNVCWU84YRA,Grumpy's Bar,61,4.5,45.01016,-93.26191,$,55418
DrTrb5Bf4gxideYRdeSKvg,Matchbox Coffee Shop,41,4.5,45.00129,-93.26638,$,55413
-IAtHiPGTj7GjfpnGuV7XA,Mayslack's,138,3.5,45.00294,-93.26169,$$,55418
CQUKpEjoDpUj99gt8fAU6Q,The Buttered Tin,13,4.0,45.01299,-93.27162,$$,55418
_RbElizwRNIG_BsLa4uS0Q,Gastrotruck,8,5.0,45.01229,-93.26331,,55418
iruYheeQrS9HepIYJhLHiQ,Nixta Tortilleria & Mexican Takeout,6,5.0,45.00063,-93.26641,,55413
3-qEHW4QI6PXCiIgti97HA,Vegan East,6,5.0,45.00074,-93.26641,,55413
jI9X5QAfjBiJx-0yw6VYLQ,Carbon Kitchen & Market,3,5.0,45.01231,-93.26351,,55418
JVIwGOKo9E774uLGVFYNwA,Lemon Grass Thai Cuisine,478,4.0,45.11181,-93.3047,$$,55443
tUx_khUDPLN9vBUh1Qdg1A,Filfillah Restaurant,206,4.0,45.0466,-93.24684,$$,55421
oX8uxjCtr74Sd88STkWHjA,50's Grill,116,3.5,45.0557,-93.32328,$$,55429
SeoxUKyhI1Qwm8Oup_BLzA,Topgolf,151,3.5,45.07124,-93.28804,$$$,55430
fW-0LK30KOHn3888v5IxpA,Mi-Sant Banh Mi,221,4.5,45.1105,-93.30227,$,55443
VSP1UNV4g4tSOxe6qCi52w,Dong Yang Oriental Food,247,3.5,45.05046,-93.25168,$$,55421
H2K3LU3YDm2IPZrrOOyzEw,Fat Nat's Eggs,242,4.0,45.11101,-93.30487,$,55445
M2nYqEvn6ZhoJ9SkevDAtA,Cajun Deli,178,4.0,45.09524,-93.37956,$$,55445
1dU5zluiFCUXDqZ_5vr5yA,The King's Thai Cuisine,159,4.5,45.1112,-93.26456,$$,55432
6hl-3am7eAicESqinxSsPA,Mai Thai Restaurant,80,3.5,45.02498,-93.33079,$$,55422
CwDgxlv5jNNPbr8r2NMQtg,El Toro,69,3.5,45.02928,-93.33579,$$,55422
3shyQdow29elmB10622YCQ,Teresa's Mexican Restaurant - Golden Valley,154,3.5,44.99768,-93.35151,$$,55422
ml_SPMmSsDtVrRbmYF-P2g,Bark and the Bite,105,4.0,44.94812,-93.19268,$$,55104
cghG0vQ8X_CkiTTmtcajEw,Pappy's Chicago Style,58,4.0,44.99939,-93.28153,$,55411
MPVXRn8-EEsdG7FrANGxxA,Que Viet Village House Three,92,3.5,45.06563,-93.32532,$,55429
9f3DIhLCWEPd77yOfeU-Pw,Steve-O's Bar,50,4.0,45.0427,-93.35137,$$,55429
DBD5ztKCCTPFfA2rfZHs_Q,Egg House Cafe,56,4.0,45.05494,-93.36225,$,55428
zgJXVXMa25GvCjgTx78ZvQ,Teppanyaki Grill & Supreme Buffet,213,2.5,45.06984,-93.26512,$$,55432
tzqBjR6tMk54CN-xu_WKpA,Almsted's Fresh Market,23,4.5,45.03277,-93.36011,$$,55422
x6PWq_y75gx9AkbF6x-ENA,Irie Vybz Jamaican Restaurant,34,4.0,45.06499,-93.30789,,55430
omY7XU7hzv1t0MefmLrUyg,Big Louie's Bar & Grill,51,3.5,45.0485,-93.35782,$$,55429
W8Izs4bPkXKqHz317t2prA,El Loro - Crystal,105,3.0,45.05388,-93.36575,$$,55428
6_i3VXlTK6J0lXEI9xqdSg,Spice & Tonic - Indian Cuisine & Bar,16,5.0,44.97614,-93.25598,$$,55415
n_hLW5hb-0VzNH8NfHRnKQ,Sorrento Pizza & Pasta,43,4.5,44.97652,-93.26991,$,55402
BMXkkuKFelMudxh-ZIj3NA,Dandelion Kitchen,37,4.5,44.97516,-93.27148,$,55402
hzkSLMts20FtN2E56tp_UQ,Andrea Pizza,53,4.0,44.97587,-93.27447,$,55402
vwePtqvPcIUv4yAyc3djew,Mackenzie Pub,93,3.5,44.97633,-93.27765,$$,55403
kx1r0NZ2xMRrHMgsoYeuBA,Acme Comedy Club,151,3.5,44.98998,-93.27494,$$,55401
pvhSA5EgevpRmimeA3i3fA,Tullibee,145,3.5,44.98495,-93.27252,$$$,55401
VzrXRWksEnRSgAS0qLMqsw,The Naughty Greek,171,4.5,44.9635,-93.19805,$$,55114
chO-cVhdwJ3MgnjyHzdejQ,Sakana Sushi & Asian Bistro,199,3.5,44.91921,-93.18705,$$,55116
xl5z8X8TPFJmGwSn8ipBAA,The Neighborhood Café,301,4.0,44.9464,-93.16639,$$,55104
BEFeJowe6vY9QbSkBELA2g,Shish,423,4.0,44.93977,-93.17065,$$,55105
nlvbHvXlr7GXU6gBa6sYNQ,Grand Catch,281,4.0,44.93977,-93.1708,$$,55105
PBHuAnQa-qK8Z2IUOJcFOw,Joan's In the Park,174,4.5,44.92258,-93.1674,$$$$,55116
EjMjgTfBYY_pkY5kZDi1Tw,Zait & Za'atar,157,4.5,44.9463,-93.1689,$,55104
FgHddi-kBNBVGHCGtYSB0g,Luci Ancora,104,4.0,44.92679,-93.18764,$$,55105
-fR63pHUF-xh4migIK0SOA,Estelle,67,4.5,44.93408,-93.17678,,55105
TbPG6Zr9d3z3GYTSfSh7EA,Crystal Garden,45,3.5,44.91758,-93.21635,$$,55406
43AzDuhJcHNZK4LWh27qHw,Highland Cafe & Bakery,100,4.0,44.91746,-93.18605,$$,55116
1zWbDlRoYahh562n-9EdwQ,Dumpling,93,3.5,44.9302,-93.22158,$$,55406
HjFFHiY-eCcRDKlf_C1xrw,Hook Fish & Chicken,22,3.5,44.99888,-93.29529,$,55411
GULqNiWlgDk-ynVFM8gYBQ,Jordan Feed Mill Restaurant,49,4.0,44.66528,-93.62727,$,55352
8PBASfNKcX-uus1PihPADA,Clancy's Pizza,41,4.0,44.6709,-93.63648,$,55352
KmQ5fL9DmKt76dXI5DMNZQ,Delias All - In - One,11,4.5,44.66414,-93.6257,,55352
ZKLQGojjiqC6Qbju60rRRQ,Suzette's Restaurant,60,4.0,44.65556,-93.67813,$$,55352
vbnIAjc2MAvNoSQ76p-zwA,Jordan Supper Club & Tap Room,117,3.0,44.65637,-93.67582,$$,55352
jml0P1SHHYO8eCif25rmXw,Empire Wok,12,3.5,44.66499,-93.62569,$$,55352
qLCVkyVFwp87ClJrQj9Nzw,Linsey’s BBQ And Grill,21,3.0,44.66705,-93.6383,$,55352
X2JEhSR7u8VT3yjWv327ww,Carasim Coffee Shop,3,5.0,44.66537,-93.62585,,55352
M7sw9JsGWDc7z-TJwM_nFQ,Jordan Supper Club,5,3.0,44.65621,-93.67566,,55352
Mwu8jR4kX7fOzzJXfLhhQA,StormKing Brewpub,15,4.5,44.98528,-93.27989,,55401
IoZYXybpgBa6JqZDlJpuPw,Glass House,4,5.0,44.97973,-93.28414,,55405
FRTNwOAwxXrSPoQ1vEDhCQ,Where's The Flour,6,3.5,44.9777,-93.28002,,55403
3u8X3Y6-URxrTIKD9n1iTw,Shel-Beas Deli Sundries,2,3.5,44.98032,-93.28972,,55405
QepavmhhEHZDRqL8mmledg,Go Crêpe,1,5.0,44.97995,-93.28606,,55405
tA3o3TG1SU_5B0qvBo8FSA,Mama Sahara,2,4.0,44.98069,-93.30438,,55405
Hk8ja0R5Izg-VZuV_IY_Jg,Atrium Cafe International,1,4.0,44.98032,-93.28972,,55405
nGoAVh34IhuWeVBRzpfw9g,What The Finger,2,2.5,44.9777,-93.28002,,55403
7E0yPsrA9QYtXoA9Stn9UA,Dishes By Ka'Ris,1,5.0,44.97777,-93.27999,,55403
K94B3LHxzgNA7I3Jz3X9LQ,Andale Taqueria Y Mercado,634,4.0,44.86342,-93.2787,$,55423
yK7MIy_qeb6CFba-ojpRLg,Patty Wagon,97,4.0,44.89265,-93.2785,$$,55419
qhnoyhIdOXDVeCttdoi7XQ,Local Roots,81,4.0,44.88318,-93.26206,$$,55423
AMlcSB_CZHx835LmeZ796A,Pizza Lucé Richfield,283,4.0,44.88336,-93.28997,$$,55423
HQ779OfRZ_n2yjLBjTvyLg,My Burger,93,4.5,44.8837,-93.28595,$,55423
MIko91ZaMFPwcUqGkK5iUQ,Broadway Pizza,151,4.5,44.86667,-93.28885,$$,55423
-kMEH5IneM_C31hHA7zJww,Stone Arch,306,3.5,44.88284,-93.21212,$$,55111
dx09B8NVJ-vNoET9nsfauQ,El Jefe Cocina & Bar,70,4.0,44.90608,-93.288,$$,55419
e2WatjZ97Cg-Um1tEeck6A,Joy's Pattaya Thai Restaurant,274,3.5,44.86571,-93.28797,$$,55423
FkmO5k63aMYSdxK3CCWtPg,Pizza Biga,31,4.0,44.9164,-93.26284,$$,55407
AGLEr0UOLDJZVRCN6VJ8bw,Fresh Wok,117,3.5,44.91927,-93.27851,$,55419
6xt9ZqkFAX8SGBWKxCcROQ,Pepitos Mexi-Go Deli,37,3.5,44.91866,-93.27815,$,55419
INLemkifDPw3FDZZXGD-WA,Sandcastle,89,3.5,44.91188,-93.24348,$$,55417
_IV7A-shfPUlbvdNR2861A,Best Steak House,38,3.5,44.90364,-93.2777,$$,55419
2pbsoifpZRvJsd0HyhnklQ,Driftwood Char Bar,46,2.5,44.92274,-93.27754,$,55419
WL5iUSPE599ihDdWRAGQ7g,Pizza Hut,18,2.0,44.916,-93.26291,$,55417
RR9BhPeK-sDvyq0dkQdooQ,Bruegger's Bagels,20,3.0,44.91982,-93.2784,$,55409
EjDPE4JtiZfMEvhU_6DXzw,Casa Maria,19,4.5,44.91245,-93.22268,,55417
EklFTqBl-DtTKv1urIt42A,Tacos Lupita,8,5.0,44.89859,-93.22338,,55419
DZyz8SRLHOKhIsiLi1Uprg,Dairy Queen Orange Julius,19,2.5,44.91722,-93.21388,$,55406
RYkPp7uLsrB_XQ7k2-al3w,Un Dito,4,3.5,44.91702,-93.24768,,55407
n21wHalGZrEQUSGiqvcZmw,El TacoTorro,1,4.0,44.91654,-93.24846,,55407
6y4qJaARepPJ5-AscB-OJg,Thai Pepper,2,4.0,44.92718,-93.23124,,55406
jG9ohAnMqxs6Xsw4sMcqfg,Kabab & Currys,1,4.0,44.9445,-93.24702,,55407
bhuOK7gYRkeoLksqNzVNqw,Key West Bistro,15,5.0,44.93389,-93.23173,,55406
BIeFUMvW11U2h21N4aW1NA,El Jefe Mexican Cuisine,10,4.0,44.98421,-93.2402,,55414
6XvjpKWzumxx2xjt0E2qdA,Fare Game,1,5.0,44.91539,-93.26299,,55417
mfUWtPVoaYNHjCSwj-XTpQ,Papa Johns Pizza,8,2.5,44.91909,-93.27854,$,55409
40BmmPQXnpQvge7nc_-teA,Shoyu,457,3.0,44.88185,-93.21235,$$,55456
dO_76x-zmkKFpmOLUXQYew,Smack Shack,130,3.0,44.88289,-93.211,$$,55111
gRh2kh8rzim3IZw7yywTdw,Taqueria La Hacienda,46,4.0,44.88338,-93.25113,$,55423
MU5FJRsoq3K401jJHwMcyQ,Red Cow,101,3.5,44.88526,-93.21287,$$,55111
37CMb_tcV4hDVEJ0w3gMxQ,Little G's Mobile Pizzeria,17,4.5,44.88557,-93.20006,$,55111
ZwxesOBEqqYfdH82ocaqEg,Black Sheep Coal Fired Pizza,120,3.0,44.88356,-93.21139,$$,55111
-sBQi8XhJFba3OYkrOWcYA,Lolo American Kitchen And Craft Bar,80,3.0,44.88556,-93.21345,$$,55111
3ZMaf2UJDf809e7hL7xH4g,Hawaii Poke Bowl,25,4.0,44.88399,-93.24874,,55423
Nhhp2amjermXzBmRQzWS4w,Mimosa,133,2.5,44.88216,-93.21275,$$,55456
nAgDSainofAkRksmcBAU2g,Frenchman's,36,3.5,44.88375,-93.255,$,55423
FltBvnCSQOXT31exPOODgQ,Café Zupas,61,3.0,44.88391,-93.24781,$$,55423
Qmdhjz7EYbXeXM6-L6fy3A,Rebel Lobster,15,4.0,44.88546,-93.19931,,55111
rA60dFWUORkOt-CtAVyzuw,Holy Land Deli,29,3.0,44.88476,-93.22228,,55111
7b9WuIy_1jWPD7TbSE3EcQ,Papa Murphy's,9,4.0,44.88391,-93.24873,$$,55423
2BxTkhZ263dNRLAZ-sDaDg,PinKU Japanese Street Food - MSP,8,4.0,44.88298,-93.21208,,55111
UP4J-I635jF0WJ9gG2l6eQ,Jersey Mike's Subs,16,3.5,44.88314,-93.25101,,55423
edjywgM4kXX9cdg-vCi9_Q,Charley's Grilled Subs,16,3.0,44.88336,-93.2119,$$,55111
Rc1LEwP1Dp90U4aMqibPiA,Zona Cocina,23,3.0,44.88344,-93.21141,$$,55111
sB85iYTEdOoOC2YWFTBM4g,The Cook and The Ox,37,2.5,44.88454,-93.21118,,55111
TpMhbrWjV_W1kWs0HSsmng,Hi Lo Diner,19,2.5,44.88368,-93.21579,,55111
eTeCWBC7CVOJIo0EQmFHvQ,D'Amico & Sons Cafe,10,3.0,44.88555,-93.21339,$$,55111
qKEUVCPq6Gg42rg0su13FQ,Panda Express,18,2.5,44.88384,-93.25056,$,55423
nVd0-gfb4Nx4m_p2I5BMQw,Peoples Organic,21,2.5,44.88363,-93.21443,,55111
W6Jcmg6Krv_HT1XH0SlbWQ,Camden Food Co,26,2.0,44.88217,-93.21154,$$,55111
ziJLMFCjL8YqU1vzDeBVhQ,Panda Express,32,2.0,44.88327,-93.21438,,55450
36DUykzjuwM35mOFEVZQ1Q,Eastern Promises Food Truck,2,5.0,44.88546,-93.19931,,55111
0yNc1kS_bGE7jbwgEvej9w,Chili's,13,2.5,44.88337,-93.21075,$$,55107
xJ6_u8s6MBoQWaie7N1VmQ,QDOBA Mexican Eats,25,2.0,44.88367,-93.21131,,55111
_VKfiU6Mq7jlbibwTVo6EQ,Cibo Express Food Hall,8,2.0,44.88222,-93.2124,$$,55111
WqfebnqIAUFfjqTf9F8tTA,Famous Famiglia,8,2.0,44.86257,-93.23199,$,55111
I0BlPq0SHKngu9K6jr9ADQ,Leeann Chin,3,2.5,44.88471,-93.21062,,55111
eu6h9r2vAJxvRvLoRe0rjg,Beast Barbecue,89,3.5,44.99155,-93.24706,$$,55414
pjbeEowHGzv5ZjnWUR5Kzw,Black Coffee And Waffle Bar,245,3.0,44.9878,-93.23026,$$,55414
45dQJmKKMnrgbgeuQpAGUA,Vivir,28,4.5,45.00267,-93.25159,,55413
OSkhR25mcQYseUIilqeftw,Chin Dian Kitchen,134,3.5,44.99131,-93.23058,$$,55414
KHSGC1jHok8B0k1P27PZHw,Thai Cuisine Xpress,56,4.5,44.98793,-93.23008,$$,55414
so44PUDgjinGzLG3c84thw,Gardens of Salonica New Greek Café & Deli,110,3.5,44.98965,-93.25378,$$,55413
H5_73iHnFzwcJcKvHfuihg,Lien Son Restaurant,28,3.5,44.99856,-93.24136,$,55413
lqLDGKW_XPsB5eMntaxn4A,Spring Street Tavern,91,3.5,44.9949,-93.25205,$,55413
jZhjKUREAXWgY8tqTtmwlg,Moose Bar & Grill,81,3.5,44.99482,-93.2529,$$,55413
VLwEsESOvmZOF-skyEShSw,Conga Latin Bistro,84,3.0,44.98938,-93.2537,$$,55414
AEI7DMqRaAjqSjTunS8jqw,Boomin Barbecue,6,4.0,44.99177,-93.23995,,55414
mYDg_lMLuLDnoo7O1Q3vqw,Lush Lounge & Theater,3,5.0,44.99507,-93.24802,,55413
OvXYncAkNdm7uC9Uj3RcZg,The Herbivorous Butcher,5,5.0,44.99023,-93.25397,,55413
eekNGyJ-yvrlxbT8xMr0Hw,Masu Sushi & Robata Back Bar,1,5.0,44.98822,-93.25492,,55414
06vY0NK9hrXjyyI_xAvwNA,Jasmine Thai,139,4.0,45.03649,-93.24764,$$,55421
kfnHO6okOLa-NHJ7tNMGCA,Miller's Corner Bar and Grill,51,4.5,45.04117,-93.25778,$,55421
N9RwMb9Z_4FWThvyBRDnVw,Sarna's Classic Grill,101,3.5,45.04046,-93.2622,$$,55421
9vd3o2jIvtWLcJGyqpSbxg,Cali's Vietnamese,85,3.0,44.9985,-93.25589,$,55413
uH8rJXz_ln5BZgVgPT6-YA,Vito Lucco Pizza,3,5.0,44.99517,-93.25804,$$,55413
TO1biZo9UmyqMtxoq3LqHg,Central deli and coffee,1,5.0,45.00706,-93.2471,,55418
Zw6vpARBnVRPSCUwwIhMTw,Listo! Fresh Mexican Grill,76,4.0,45.00559,-93.22831,$,55413
gKoI0N6Ldo6ahGVHAXQPFQ,Cafe Renaissance,66,4.5,45.55434,-94.24642,$$,56388
y2anMNYTAKYqsj7DLk84nw,Anton's Restaurant,107,4.0,45.55564,-94.24289,$$,56387
pnjrqEASt0mfD6DHA2ApLg,Hajime Asian Bistro,79,4.5,45.55324,-94.21251,$$,56301
_pfn-DK4NTPEdS-g9BqZRQ,Jules' Bistro,121,4.5,45.55893,-94.16368,$$,56301
KtPGmFsP7PZ51EhuIsiywA,Granite City Food & Brewery,162,3.5,45.55016,-94.2063,$$,56301
BojEld7KoPwBIVlm6dvAnw,Star of India,103,4.5,45.55178,-94.1914,$$,56301
pa-eeTVqhy2-xbRFSwiFew,White Horse,211,4.0,45.55971,-94.16216,$$,56301
o40qJrmbAc7JahbYyawyBg,Bravo Burritos,111,4.0,45.55201,-94.19821,$,56301
dMbKGKe-hK4y1BsjtZfIow,Brigitte's Cafe,91,4.0,45.55181,-94.1967,$,56301
leLg2eHBbp1ROQfXvoxL-A,Giliberto's Mexican Taco Shop,130,4.0,45.55353,-94.18587,$$,56301
BXiaM_louaPSaYpMe_x73A,Krewe Restaurant,50,4.5,45.56553,-94.31765,,56374
UHahXr6RTokVtfXmCdbE0w,Viet Tien Market,61,4.0,45.55909,-94.20818,$,56387
An1_bTrpU7XYagngzyM6pQ,Crooked Pint Ale House,51,4.0,45.55307,-94.21595,,56387
aD53IUfgUi4NE_wKqzPB2A,Texas Roadhouse,66,3.5,45.55104,-94.22024,$$,56387
_B8HofacR9Ik8NF8EGwzpA,Dolsie's Lunch Box Grille,50,5.0,45.55922,-94.16193,$,56301
Gh2JnZh4-eg1sF5_LGu8aw,The Pickled Loon,107,4.5,45.55985,-94.16121,$$,56301
aJ5z9nMbnH01HKzfpgh7Ww,The Local Blend,57,4.5,45.56477,-94.31869,$$,56374
jBfZob0VNco4HZ7NFqh7bg,Kohinoor Bar & Grill,74,4.5,45.55955,-94.16019,$$,56301
kA9f6lQ_cuuBTX7QnyV92g,Fuji Sushi & Steak House,94,3.0,45.5494,-94.21854,$$,56387
xknq0XGOvkwkRPThYGUTeg,China Star Buffet,50,3.5,45.55323,-94.22966,$$,56387
WWk-0Bh0B358Zqea7QvKyg,Old Capital Tavern,128,4.0,45.58944,-94.16622,$$,56379
QAh2f0xpL0DyzNe9r3SMAQ,The Boulder Tap House,93,3.5,45.54893,-94.20663,$$,56301
MwMxjR2BMSqXVX6tsMIcuw,Grizzly's Wood-Fired Grill,49,3.5,45.5508,-94.21949,$$,56387
GrDEclE3mifKr-blCHdeGg,Taqueria La Perla,16,4.5,45.54933,-94.22768,,56387
6yVuNe3GKPk6no3OkpT-lA,La Casita Mexican Restaurant,62,3.5,45.55287,-94.22084,$$,56387
BMx-2IQ2KrDE0ZRGkEjGQg,Greek Cravings,84,4.0,45.56055,-94.15712,$,56301
1T2tAduucl2y9l22t4p4UQ,7 West TapHouse,70,4.0,45.56048,-94.15718,$,56301
PFtZvQUucw_eR5hwCHkblQ,Waffle It,30,4.5,45.56478,-94.18228,$,56303
e7U-SVegsR5Y-XvCQZS21A,Zeppole Pizza,7,5.0,45.55436,-94.24654,$,56387
omjTABdw0lMk60dttMMgkA,Dong Khanh,29,4.0,45.54753,-94.19753,,56301
josVSbkMvWH56e5PEDkn5g,Kay's Kitchen,58,4.0,45.56795,-94.31935,$,56374
DZWIdN9ackh3um1AaGq-_w,Mongo's Grill,59,3.5,45.55438,-94.20385,$$,56301
2ITLxe9o6P47ZrwKOGwHaw,Olde Brick House,80,4.0,45.55965,-94.15808,$$,56301
lzgcwyhBYFdYacuZ9_R5dw,Bestburgerever,29,3.5,45.55394,-94.2187,$,56387
W9qLBrQ0xFwifPal1El3Kg,Brick & Bourbon - St. Cloud,46,4.5,45.55944,-94.15714,$$,56301
np9krH9jMJiKkhwKIVgNNQ,Taqueria La Campechana,13,4.0,45.5508,-94.23011,$$,56304
4FoWkVFzgejBUrv0xFfZcA,JJ Garden,24,4.5,45.56523,-94.18271,,56303
Ctj8JQ1oK2iy71n7dnhA2g,El Loro Mexican Restaurant,26,4.0,45.55392,-94.23027,$$,56387
9_fX4UacccPzSt1ABXkZZw,Pizza Ranch,25,3.5,45.54882,-94.21689,$$,56387
5n1i0xGjIRT-0ZQTHuiISA,Red Robin Gourmet Burgers and Brews,52,3.0,45.55356,-94.20735,$$,56301
pKSWOHUjkoS8A2SNMw_byQ,Anejos Fine Mexican Cuisine,81,3.5,45.59491,-94.224,$$,56377
uFNpN210YkbOvSeUtecHFw,Bo Diddley's Deli,27,4.0,45.56555,-94.31861,$,56374
ixnNe9JRKoeU4ZoanFkcog,Chick-fil-A,17,4.0,45.55371,-94.21331,$,56301
TwK4Si5rMVgi2VyqSV2BdA,New York Gyro,47,4.0,45.54921,-94.15951,$,56301
7Mot9taXouHb7BE0eWjh2g,D K Express,31,3.5,45.55282,-94.20291,$,56301
OkWw2c8ABjsp162IteEOfw,PepperJax Grill,32,3.5,45.55365,-94.19774,$,56301
NlZJ3Vbn95HWUYBm2bW5DA,Mt's On 8th,21,4.0,45.56482,-94.18216,$,56303
ds__s13P3ALN_7grhiClTA,Bo Diddley's Deli,17,4.0,45.55054,-94.18848,$,56301
ShUpX5NUcQCmqop-MlYjPA,Jimmy's Pour House,51,4.0,45.59059,-94.16542,$$,56379
p6E1ap8eWpAv0tL5E4attQ,Leeann Chin,8,3.0,45.55118,-94.20718,$,56301
wfGe8BH1g2QwifcqlYnMGQ,G-Allen's,26,3.0,45.59669,-94.19393,$$,56377
eyUr3wADWiz65lsnv-W0AQ,Gary's Pizza,11,3.5,45.56503,-94.31829,$$,56374
7ikspzoy7-MCZt_OOAT3Sg,House Of Pizza,7,3.0,45.54915,-94.20804,,56301
Kprz4VnrXeJgS-4UZI-mmQ,The Chinese Phoenix Express,18,2.5,45.55348,-94.20887,$,56301
iz62dGTZCijrS_4hmYHuNQ,H. R. Pesty's Saloon & Eatery,4,3.5,45.55868,-94.22122,$$,56387
5x0qfcsW9D4l-Q7zyD5PWA,Fiesta Taco,2,4.5,45.54968,-94.22544,,56387
rM4mzqEklZPt3mD1nlgtAQ,$5 Pizza,5,4.0,45.55351,-94.19285,$,56301
8no-SrijcBPrhVUsR0SpMA,Pacific Wok Teriyaki Grill,8,4.0,45.59528,-94.22469,$,56377
fAH6AVtVvSqfj5qjzHbj8g,Taco John's,11,2.5,45.5538,-94.21516,,56387
wlM2Sp4Onb-DPA7IryVW8A,Food Ecstasy,7,4.0,45.56055,-94.16028,$$,56301
h0oGkBrfgVIl6ykU4m1y9g,Champlife Wingz,3,5.0,45.5481,-94.15344,,56301
pJSx6mFzK12cRvlIRof-Dg,The 400 Club,5,3.0,45.50012,-94.2802,,56301
d4-Y2KKJpJVvVg4gshQvLw,Mavericks Steak & Cocktails,12,2.0,45.55224,-94.22248,,56387
CZfX4QXCtNXaGyGywfyKHw,Perkins Restaurant & Bakery,16,2.0,45.55283,-94.208,$,56301
9s3clTYg8Qd4-1gXQQP6IA,Waldo's Pizza,10,3.0,45.55948,-94.16271,$$,56301
B4Z3JHdnbzqhOCTEpPXFbg,Casey's,3,4.0,45.56695,-94.31047,$,56374
q1_6oi0-BYT53TLmCe5efQ,Shaka Shack Hawaiian Ice,1,5.0,45.55187,-94.21245,,56303
XA_EoItIfueBDpSImyMRGg,Manea's Meat,5,4.0,45.59117,-94.16631,,56379
0iSRSUTFqKdZ8ZEZ4g-pfQ,Pizza Man,3,4.5,45.58906,-94.16696,,56379
1JGy8YjycAXVshL0zoETUg,GILBERTO’S,4,4.5,45.55947,-94.15689,,56301
89viN0AAXs0hjKFF8r2u8Q,Granite Edge Cafe,2,5.0,45.47112,-94.34406,,56320
3gUt6C82LbNYWM1oTiDvPw,Pizza Depot,6,2.5,45.54759,-94.19256,$,56301
yH_QVdFwv9tKyFHRYu8b5Q,Gary's Pizzeria,3,3.5,45.55054,-94.18846,,56301
IhR5-XSo2P6lKYYib46n8A,Jimmy John's,11,2.5,45.56087,-94.15742,$,56301
XNjIJNWVQQwWwJs9r7GMQg,Little Casars,4,3.0,45.55378,-94.18192,$,56303
o2Lyn7HOyKgjgV9cllN5Uw,Raising Cane's,2,4.0,45.55337,-94.18997,,56301
1ItDn4qRDU7jzyHj807S6Q,Southway Bowl,6,3.5,45.51445,-94.16643,,56301
s4trBK4Xn3SPcSEy7SGeAA,Papa Murphy's,5,3.0,45.5558,-94.16808,$,56301
MwjAlGPUeCSbgjryZsFXww,Papa Murphy's,3,4.0,45.59175,-94.16933,$$,56379
384DLGwpH3ZnxH4n3B3YFQ,Fun Adventures Too,1,5.0,45.51701,-94.1689,,56301
q6d1tOQL46dFS_sU5xJUpw,Perkins Restaurant & Bakery,17,2.0,45.5865,-94.2034,$$,56377
kclsBXcfysRmL9MwZn-Azw,Taco John's,4,3.5,45.59172,-94.19311,$,56377
Ebf9vLOcy9zDDWuTbqj6Ng,Chuck E. Cheese,5,2.5,45.55308,-94.19876,$$,56301
3blJrgHWRfqu0-tApbeCkw,Axle Grill,3,2.5,45.55508,-94.20996,$$,56301
GqDObw4XP0DSQqrNBy1HHQ,El Loro Mexican Restaurant,3,3.5,45.59223,-94.17153,,56379
hj9dIQp1kFbJT-XgVUp-4w,Andy's Garage,52,3.5,44.94869,-93.26074,$,55407
sZQpvBGrIPBM-_eWRVsHRg,Seward Community Co-op,28,4.0,44.93395,-93.27181,$$,55409
dvdF95SZ4Plpl5be47OAYQ,Windows on 4th,3,3.5,44.93238,-93.27011,,55415
KejpdMezwEUM2Ol-G94EdQ,Just Turkey,5,4.5,44.93504,-93.26212,,55407
HrcfIyVgfaZCEfuY9b13mQ,Bigsby's Cafe,1,3.0,44.93238,-93.27013,,55415
YVQeJVxg6heyvCpvsBKBzQ,The Original Just Turkey Restaurant,1,4.0,44.93447,-93.27793,,55409
o7bdiTGFnaoE888zUsd3Vg,Helen's Food Cart,1,4.0,44.93505,-93.27179,,55409
3hS2Oyi0pBQKUatLWZzO3A,Ten Sushi Japanese Restaurant,170,4.5,45.12677,-93.48798,$$,55311
24x1CvLUPXmneIHJxITR9g,River Inn,117,4.5,45.15522,-93.66164,$$,55341
rDSC993bLwzVTDqHUhIARw,Peg's Countryside Cafe,86,4.5,45.04675,-93.54366,$$,55340
cSeqywI6pYiJ1BBFTvrQUQ,Brick & Bourbon,411,4.0,45.09822,-93.45048,$$,55369
nTbWCQc8BYCzKoBiU_jelQ,Daily Dose Cafe & Espresso,79,4.5,45.13453,-93.4771,$,55369
Dr6dsflHNEHJDrtDHMrNoA,The Original Pancake House,238,4.5,45.07003,-93.44871,$$,55311
SqcSIx4hs_O1pWsgTphX2Q,The Lotus Maple Grove,160,4.5,45.10604,-93.45359,$$,55369
LYn8patbXeHvG51QsD08FA,BLVD Kitchen & Bar,467,4.0,44.9725,-93.42536,$$,55305
trysqWiQddWtzMdIsYMgFg,Jellybean and Julia's,181,4.5,45.20407,-93.39974,$$,55303
6YvZY_S65QyjnnbU4zASRg,3 Squares Restaurant,413,4.0,45.09857,-93.44117,$$,55369
yvoVaPO_uzAMliixefKIKw,Main Street Farmer Eatery,172,4.5,45.20957,-93.66503,$$,55376
TivvpJVgi_frRO1sitlfXQ,Malone's Bar & Grill,307,4.0,45.09371,-93.44114,$$,55369
JfvUkL9fXOvNwC6L4Bjd_g,6Smith,427,4.0,44.96953,-93.51759,$$$,55391
T8ou1dVjUCJEYQnDyyjxcw,Big Bore Barbecue,57,4.5,45.15911,-93.66727,$$,55341
jB3cP9O75_0eS8yX8PSu3A,MT Noodles,232,4.0,45.10772,-93.3771,$$,55445
qWfYz89qYP1OWucJlIQT7A,Grill Hall Churrascaria Brazilian steakhouse,124,4.5,45.06872,-93.40354,$$$,55369
T4wYBNDfbPO-chPgIcQT-A,Pittsburgh Blue,363,3.5,45.09166,-93.43206,$$$,55369
AcCZkmRj9qB5tFeKtLAqZw,Rock Elm Tavern,218,4.0,45.0202,-93.49119,$$,55447
w_0DWIKWxqQJfCPDutMBlA,CōV Wayzata,401,3.5,44.9689,-93.51114,$$$,55391
ACXMv-sYfAL-bfZfa2-lUw,Rock Elm at The Grove,83,4.0,45.13467,-93.47792,$$,55369
ZYiJTOCwGqVqt0vi5Ow1yQ,Tandoor,56,4.5,45.13405,-93.4777,$$,55369
Iqcm6z38QOI4tsE_dHo0fA,Biaggi's Ristorante Italiano,218,4.0,45.09162,-93.43342,$$,55369
r2QJYM68rq-OhAmgqEsI0g,Ham's Sandwich Shop,133,4.5,44.9731,-93.45805,$,55305
zhYFc-A-5Od2SYz-iWZN7w,Sushi Fix,196,4.0,44.96784,-93.50726,$$$,55391
SCMZp8X_XSTmiv783G-urg,ElMar's New York Pizza,84,4.5,45.0235,-93.48097,,55446
d8Fx7WVx9rAMN0-CIkX63Q,Krown Bakery & Eatery,77,4.5,45.20377,-93.40052,$,55303
iBWOWWpA5gOLhKVblWlARg,McCormick's Pub & Restaurant,151,4.0,44.96948,-93.5117,$$,55391
uRvwurV3Jcpg_i8xa6NQjg,Naf Naf Grill,130,4.0,45.09433,-93.44228,$,55369
p_xkMZ8mui5Sb3J7sasPVA,Bacio,277,4.0,44.96855,-93.44223,$$,55305
vWx_rodllJ8t6LzW1nqHhQ,Honey and Mackie's,83,4.5,45.02026,-93.49329,$,55447
cwQOBXAmJX4-MTdjjJ1urw,The Great Greek Mediterranean Grill,72,4.5,45.09735,-93.44111,,55369
XBoB1vc_b9RU_UzxsBie-g,Olympia Cafe & Gyros,117,4.5,45.11911,-93.40258,$$,55369
5wRnr5LnlsH9tFu6yHIO9A,Pig On The Porch,44,4.0,45.05418,-93.63622,$$,55357
aFf92KF0zazL8XXkWYFrOg,Tacos La Paloma,98,4.5,45.20438,-93.40014,$,55303
ZQSeFJGIOE5lRWfES4CF2g,Rush Creek Golf Club,17,4.5,45.09689,-93.51427,$$,55311
sPXo7w3DPwGkNWkjTdIdrw,Oak Eatery,60,4.0,45.04277,-93.52685,$$,55340
Z3HSSWUOUsaBp6HqcE_zvw,Q Fanatic,235,4.0,45.1881,-93.39528,$$,55316
aSJKS0LGxUI-gBwQokMuFw,Bukhara Indian Bistro,164,4.0,44.97091,-93.47752,$$,55391
MA6YeWO_k7o2w_7988vwCA,Benedict's,242,4.0,44.96844,-93.50745,$$,55391
G90lxpfnPQEibWvYl_fobA,Maynard's Restaurant - Rogers,159,3.5,45.2019,-93.55202,$$,55374
Q5o0T07BtL0JFtEPC3hPIg,Clives Roadhouse,62,4.0,45.19287,-93.55049,$$,55374
4JrG5wCI2B_ke3n-6LLhkQ,Kyoto Sushi,145,3.5,45.10405,-93.45464,$$,55311
ZMK40BLRPnsXlzFxalR1ew,CRISP & GREEN,90,4.5,44.96899,-93.50999,$$,55391
VFxlv7ToUfUKDwQRE2pv-w,Ruscello,29,3.5,44.96865,-93.43521,$$,55305
Wr5gz-V6O5pvI8DbzXsHFQ,My Burger,17,4.0,44.97088,-93.49574,,55391
ar_pc_t8JGyNNNsK8ML0kQ,Willy McCoys,39,3.5,45.23325,-93.6637,$$,55301
nPGE9THCLbJRhhYGyMMD_g,Cowboy Jack's,78,2.5,45.02962,-93.45461,$$,55446
4ACrmJM3RFWaFP3SJYEmJw,Miyabi Grill,14,4.0,45.09265,-93.37979,,55428
zyK3sNYk9X5XtYhT3-kk5w,Davanni's Pizza & Hot Hoagies,34,3.0,45.01387,-93.46416,$$,55447
RIIfduS9lSAr9koe6AzOPA,Broadway Bar & Pizza,57,2.5,45.09875,-93.45133,$$,55369
oqIzGPNMx-qJuhTyHIraHg,Millside Tavern,22,3.5,45.20951,-93.62661,$$,55376
DelyzQUH6pL1m8n_Hq3ftQ,Perkins Restaurant & Bakery,32,3.5,45.08707,-93.42995,$,55369
vFdBkLY99CYREU-K5iX6_A,Ten Sushi Japanese Restaurant,19,4.0,45.09326,-93.42762,,55369
mcdJUzusap0D_ysfO-TG4w,Hong Kong Restaurant,64,2.5,45.10224,-93.45418,$,55311
qE2VVZsaEEmikZDV2ER3Jg,Mad Jacks Sports Cafe,82,2.5,45.095,-93.37972,$$,55445
WMnk6abNpJgLXPvuyPq_GQ,Firenza Pizza,27,3.5,45.01825,-93.48378,,55447
Qll_J1EqPETLOMCNHc5Ikw,Red Lobster,40,3.0,45.09386,-93.43929,$$,55369
qPqwwrZ4DGtkwqhWNvlb-w,Dick's Bar & Grill,22,3.5,45.11836,-93.40243,$$,55369
RiopvlrclL_7aqTBF9OVsQ,Villa Bar & Grill,44,3.0,45.23689,-93.64549,$$,55301
kQSBy4Nfs6iWbs6OBNS8_A,Country Kitchen,30,3.5,45.03228,-93.37881,$$,55427
zUNEXbKeBSocjD7zADqnDw,TGI Fridays,81,2.5,45.09409,-93.43035,$$,55369
GEy8Wrmt0i0hEyO25RpD3A,Firehouse Subs,41,3.0,45.09291,-93.42818,$,55369
ugCh5uUvgCf6P_QG6AHq0w,China Star Restaurant,22,3.5,45.0685,-93.39058,$,55428
-HJe7UkUHlzvJzhTIHahTg,Maple Grove Nutrition,4,5.0,45.10645,-93.45454,,55369
e-mryPnoKAuesfsOy1xofQ,QDOBA Mexican Eats,22,3.5,45.0337,-93.4103,$,55442
nhX8jlS2gZgVrr_loaAY6w,Angelea's Soul Food Kitchen,8,4.5,45.09408,-93.38118,,55443
gfjKHVdhXan93MkcAkelvg,Two Pony Gardens,7,4.5,44.98663,-93.57162,,55356
mVo13Bf898SC9GEc5-FOCQ,Panera Bread,37,3.0,45.02117,-93.49321,$$,55447
KMIS1oxHPcZnadzEGGABBg,Golden Corral Buffet & Grill,90,2.0,45.10227,-93.45269,$$,55311
KPHbjLuc1iH9-kr4iwLQ_g,Annabelle House MN,5,5.0,45.11886,-93.40183,,55369
EETknz-SbR8O3gyq5lss5Q,Applebee's Grill + Bar,28,2.5,45.10446,-93.4628,$$,55311
yg_NT4zHCK1PJ5zk36L8TA,Billy's Bar & Grill,44,3.0,45.19853,-93.38858,$$,55303
H3oHNGbniGp4EIOoWZ8GiQ,Pizza Ranch,27,3.5,45.17937,-93.39459,$$,55316
5QG9bU1dJi0Hbgf4fQU6tw,Famous Dave's Bar-B-Que,39,3.0,44.98911,-93.42229,$$,55441
q5KnZHTc_BOkgGZFlS5QCg,JC's Bar and Grill,60,2.0,45.10471,-93.45219,$$,55311
cIPEDS5QX8iQgvSg-syRBQ,Acapulco Mexican Restaurant Ramsey,38,3.0,45.23537,-93.46961,$$,55303
MQm-c8kjmgpGf3ubZAzQrQ,Ox Yoke Inn,33,3.0,44.98264,-93.73246,$$,55359
bggUF7BLCHU80R475f6lPw,Ming's Garden,56,2.5,45.03036,-93.44748,$$,55442
YHpHZB9dgrsx63e3vkVlYQ,Thai Express,29,3.0,45.0945,-93.43333,,55369
AcXSiHwPvzv-x_eKVNcpbw,Songtea & Poke,7,4.5,45.0207,-93.48404,,55447
9vRsMQZVouVJGj8tI0Q1zw,Honey Baked Ham Company,12,4.0,44.96541,-93.44378,$$,55305
CUBHXO4V6H9CzzyqWmGOHA,Pizza Man,25,3.5,45.19818,-93.38788,$,55303
Yzqfp-7s3pNzPqz0JviFaQ,Herban Wolf Deli,6,4.5,45.19768,-93.38689,,55303
20beFb3nCQZCTCAD_62Ztw,San Pancho Mexican Restaurant,20,3.5,44.98539,-93.57083,,55356
v9seiPYxRrl0uzeb1aHL3A,Taco John's,18,3.5,45.03344,-93.38248,$,55428
ZomErsLlpbfflHxvfCxNug,Broadway Bar & Pizza,32,2.5,45.20958,-93.5493,$$,55374
ENdITBhIJOVBKmy_cFjUIA,Hyderabad House,5,2.5,45.01613,-93.48265,,55447
mklHKfetuy9GBlvdZVJWeA,Arby's,7,2.0,45.19908,-93.55353,$,55374
jFq64JSKEP4HUGByxRUSNg,Leeann Chin,6,3.0,44.96767,-93.43657,,55305
8kkQnIJpmWwQONEZBJiEJg,Arby's,9,2.5,45.01186,-93.46294,$,55447
ZMeajWlpiHWkJpSm_OUHsQ,Papa Johns Pizza,9,2.0,45.0204,-93.48012,$,55447
Y4OnzPJ_jtdgNo5CR9fS4Q,Wahlburgers @ Hy-Vee,11,2.0,45.03467,-93.38394,,55428
z_hjSCGcAAlavcT3kliZxg,Panda Express,8,3.0,45.03556,-93.38053,$,55428
ePb1tKgygv3baKbtZF25VA,Cedar Creek Grill & Bar,1,5.0,45.23348,-93.68367,,55301
q1krV0Ht81BZ6wlv00fiPg,Jersey Mike's Subs,1,5.0,45.17312,-93.39073,,55316
XOWuh7NLUxNjZ7SO9Fz6lg,Guy Fieri's Flavortown Kitchen,8,2.0,45.09812,-93.44453,,55369
pKVLVKnFlYmqdp5wHF8NkQ,Papa Murphy's,6,3.0,44.98506,-93.38912,,55427
aA7mbHkA1UC7_BDW6WH_nw,Leeann Chin,10,2.5,45.15848,-93.39082,,55316
4S4bI80SHeRJPkIiETgWKQ,Geez Sports Bar & Grill,3,4.0,45.23547,-93.65359,$,55301
HfAPonKgJ9L6n6d448cCTA,Jimmy John's,9,2.0,44.97075,-93.50017,$,55391
n_pjDduR6szmZDA8tlEW1A,Jimmy John's,8,2.5,45.22568,-93.39837,$,55303
l01kPMWg2TWQNMCyO5hAGA,Papa Murphy's,6,2.5,45.15871,-93.38974,$,55316
swRInCcKMTmy8dqQGN_FGA,Tasty Pizza,5,3.0,45.20225,-93.42584,$$,55327
PwVtt9fFxk6Wm_auR14wjw,Hua Yang,5,3.5,45.03373,-93.40954,,55442
cCwuoM3x6s0BM9IAxt6Rfg,Macy's Taste Bar Cafe,1,5.0,44.96942,-93.43948,,55305
Bz-JThlM8K3kl3rcXylrOw,Senor Patron,1,5.0,45.22404,-93.39782,,55303
wAAyFAA8oZvK9Il7J5XDvQ,Papa Murphy's,1,5.0,45.22578,-93.39822,$,55303
3gVNOqhhOhzvhodviGpbVw,Jimmy John's,15,1.5,45.09407,-93.38306,$,55443
cdpjZeoyBDhVizESExxEsA,Freddy's Frozen Custard & Steakburgers,3,2.0,45.19336,-93.55338,,55374
93laEZouya80zHAfsjg3Dw,Hy-Vee Market Grille Express,2,3.0,45.02026,-93.49329,,55447
hTcnZIUj1oT1m_EGnGCZiQ,Morey's Seafood Int'l,1,5.0,44.98719,-93.392,,55427
EvlS31Wb-wzEq9swiIBRzA,American Legion Club Rooms Post 270,4,3.0,45.16753,-93.85747,,55313
V163dmGcGKZRzlumIGFinA,Dairy Queen Grill & Chill,5,2.5,45.2019,-93.39736,$,55303
9f0WPzXQAr0fq_Zdrm36lA,Auntie Anne's,8,2.0,44.96729,-93.4368,,55305
gMDZ-P5-Zp0ZooIwzFMAaQ,Crepe and Cake,4,2.5,45.02232,-93.47566,,55446
WuFovnx9yEDaSndVVve94w,A & B Hamburgers,2,3.5,44.97941,-93.40706,,55441
Mqqf6RBfObpbWqLyVWTMuQ,It’s Just Wings,7,2.5,45.02859,-93.44806,,55442
lldkkYrw_OHg3ySVDerFCA,MisEatery,4,2.5,45.18407,-93.39299,,55316
_5wDJPs4PgH78Rxm-pVC-Q,Jimmy John's,11,2.0,45.00833,-93.44923,$,55441
2I5rmHkWin3WOdxwIFGWhg,Arby's,6,2.0,45.09499,-93.37856,$,55445
k4x8Mn7R-A1IBFbm-vPPQw,Taco John's,7,2.0,45.23729,-93.65153,,55301
nztsg9Vf9H0UcCgJ0txBKg,Ku*ma*in Filipino Restaurant,1,4.0,45.15789,-93.38925,,55316
fE8SzI71_KZHio8dBIvDmg,Habanero Tacos Grill,42,4.5,44.94809,-93.22468,,55406
eLXamlKH9zUi0cO9rjzApQ,Infusedlife Plant Based Emporium,5,5.0,44.93402,-93.23233,,55406
MCmgno4mTQVM584UrUBfqw,Selam Restaurant,9,5.0,44.93263,-93.22305,,55406
I7UcQX86UlGFsLdXHdYYAg,Patrick's Bakery & Cafe - Edina,278,3.5,44.88489,-93.31742,$$,55423
x2VsgVudRatjkkvNATMCrA,DeLeo Bros. Pizza,88,4.5,44.88065,-93.3252,$,55435
gVYWooenccbyR6_BlH8mGw,Sandy's Tavern,149,4.0,44.8829,-93.30901,$,55423
WQi-Az9gtj8gbnp2qOIBfg,Cadao Express,125,4.0,44.8824,-93.30823,$,55423
yw8xaM6Dz7w4N7H-A2o3kQ,Tavern on France,383,3.5,44.88057,-93.32941,$$,55435
eCYxVNQKZLdoa7C5LBlEsA,The Cheesecake Factory - Edina,444,3.0,44.87982,-93.32508,$$,55435
DsKD1aFsAUeKCYTKi0IEbA,Cocina Del Barrio,163,3.5,44.91137,-93.32943,$$,55410
Y04Gj14l2btDdGYV2A3HbQ,Fireside Foundry,121,3.5,44.88042,-93.30898,$$,55423
qH8V17UbKjImtysgjgh-eg,Pajarito,35,4.5,44.91276,-93.33,,55424
ggG9wkD-d_ndQtF_pC1K_Q,Red Pepper,94,3.5,44.88473,-93.31696,$$,55423
_WmfAH9WBFSfCrHDoPUncA,CRISP & GREEN,45,4.0,44.91275,-93.3306,$$,55424
pwxIk-nkAJ9nqkgxo5HBhQ,Mr Paul's Supper Club,39,4.0,44.91333,-93.33002,,55424
uX6rwoptOzZrGqhuj7_W8A,Giordano's,139,3.0,44.88391,-93.31758,$$,55423
1mwpMdnrWRsfOo_L8XZMHA,Dino's Mediterranean Fresh,60,3.5,44.88404,-93.31902,$,55435
42iwwJm1kc1zKNY2ifKA4Q,D'Amico & Sons,52,3.0,44.91269,-93.33138,$$,55426
g74wKpeVUknZmDUV1lfxCw,Edina Carbone's,23,3.0,44.91272,-93.3274,$$,55410
-3lMnCbecLo2PKjbGuK_3w,Milio's Sandwiches,18,3.0,44.9225,-93.32853,$,55410
gQuZqrDol9o17pDoWGVBBw,Tbsp. Liège Waffles,6,4.0,44.92444,-93.31583,,55410
ANtvXFm9l8B3Za1fkYHKRw,Bojae's,1,5.0,44.91314,-93.32924,,55410
dO7Wa2qpsrmpITgF88k8xQ,The Original Pancake House,375,4.0,44.8758,-93.32568,$$,55435
61XtCmM0b5Kg01yeeewBPg,Nelson Cheese & Deli,147,4.5,44.97701,-93.16626,$,55108
kSMAla_GDvjYmVqMZEPuTw,Bolé Ethiopian Cuisine,82,4.5,44.98176,-93.16205,$$,55108
vC6ozyHI6x1HHICwlusdyQ,Macs Fish & Chips,127,3.5,44.99163,-93.15618,$,55113
SdLdgtF7nCpvHkXcwsHYpQ,Maverick's Real Roast Beef,254,4.0,44.99409,-93.14633,$,55113
ag1ZDJkavderPldXjNc3Sw,St Paul Bagelry,141,4.0,44.99266,-93.14628,$,55113
TKIdb9xKBLltZTfkozJsGQ,Red Cow - Saint Paul,715,4.5,44.94671,-93.11676,$$,55102
MRh_8puyQXQ_jue4udCzYA,Conny's Creamy Cone,87,4.5,44.97716,-93.12664,$,55117
49EvJnf1kEJtbk1bFA0Rug,Half Time Rec,76,3.5,44.97034,-93.14308,$$,55103
WbEiSMQA4q9qQlUxWkUYyQ,Mama's Pizza,267,4.5,44.97035,-93.10613,$,55117
ziwhTIngHPlIeKVZRoWG6w,Groundswell,251,4.0,44.95918,-93.15708,$,55104
nRLL9tf_d9MNU_2aUdgPNA,Moscow On The Hill,465,4.5,44.94666,-93.11562,$$,55102
mpiFVbqHqkNd0fBfBxCJ7g,Black Sea Restaurant,237,4.5,44.96346,-93.16726,$,55104
8iaDvOZUmBXO8kFuedbe8A,iPho by Saigon,425,4.0,44.95547,-93.12977,$,55104
2yGzhH_Zzo9OC1HxkJ4piw,J. Selby's,369,4.5,44.94635,-93.13665,$$,55104
xg7OHvNfGZH8mahsXFauUQ,Cossetta Alimentari,841,4.0,44.94387,-93.10436,$$,55102
pf5fPPLzwpK0GfAG13iRHQ,Trung Nam French Bakery,236,4.5,44.95605,-93.131,$,55104
oiV59HR1Js_-rfIN8UWtUw,On's Thai Kitchen,512,4.0,44.95585,-93.16839,$$,55104
UwqfYwiOM_ornDPidGVzPA,Meritage,415,4.0,44.94633,-93.09659,$$$,55145
0IOrv41ojAMvd0zqrxMhHg,Handsome Hog,546,4.0,44.94675,-93.11642,$$,55102
2U0fyDBVkTVt9u0nm0VS2w,Baldamar,207,4.5,45.01465,-93.16929,$$$,55113
L9BGV0HUBR1YPXZuT0f5rw,Thai Garden,239,4.5,44.95547,-93.11826,$,55103
THE3IXeLW2l2Md8LbMliJw,Gabe's Neighborhood Bar & Kitchen,123,3.0,44.97073,-93.14695,$$,55103
0psSArKoqKrBGSrBBcX2gQ,Cheng Heng Restaurant,246,4.5,44.95546,-93.11943,$$,55103
KYVBagBhXLgJzROgjaO4tg,Revival - St. Paul,554,4.0,44.9467,-93.12235,$$,55102
hzz4N1s4K13jf3pTaz99SA,Master Noodle,229,4.0,44.95593,-93.15643,$$,55104
ty8xm2umF-rGIRN9V8dC7A,Fasika Ethiopian Restaurant,302,4.0,44.95642,-93.16676,$$,55104
-CKaRMZkXBx_OR-xSPBFsA,Trieu Chau Restaurant,282,4.0,44.95544,-93.12155,$,55103
LrifyD2LcEGdWlbnKzdu_A,The Original Malt Shop,138,3.5,44.99273,-93.1475,$,55113
5nPMvuJX_kEwnYz0M1c4Rg,The French Hen Café,281,4.0,44.94643,-93.12209,$$,55102
BXLExPNh3aIVdJ_4MTCjBA,Pagoda,464,3.5,45.01421,-93.17725,$$,55113
Gk7276TSMAJwX2nO3Y6zNA,Afro Deli & Grill - Saint Paul,156,4.5,44.94727,-93.09649,$,55102
8FEFGBNG26HI8WNcPA7SDQ,WA Frost & Co,492,3.5,44.94648,-93.11585,$$$,55102
c53iwcK-8ILHrI6CMQCm3g,Chianti Grill Roseville,275,4.0,45.00289,-93.16565,$$,55113
5CyS4eSuMRhF7D1g0LmM-A,New Fresh Wok,134,4.0,44.99189,-93.16528,$,55113
YfRxjH7-pw44hzKiPG52gQ,The St. Paul Grill,263,4.0,44.94503,-93.09588,$$$,55102
y_bAWT8wyJA4HPNNHifMjg,Keys Cafe & Bakery,159,3.0,44.99227,-93.14562,$$,55113
0WIQUf2VJK4i8FJABv6Peg,Homi Mexican,195,4.0,44.9555,-93.13684,$,55104
wdgu6v5d9JCStV4jSrQnAQ,Demera,70,4.5,44.95605,-93.13484,$$,55104
3_Hgrbsch6_90RdCQQw4kw,Thai Street Market,103,4.5,44.99115,-93.10608,$$,55117
AT905zXT1qthD9cPkFISdg,La Grolla,342,3.5,44.94643,-93.11929,$$,55102
8M3-Gq9iyHf2aaWzj73_BA,Thai Café,124,4.5,44.9559,-93.11566,$,55103
OWbRO-kjkmE9JhaQZRo8_w,Pizza Lucé St Paul,250,4.0,44.94675,-93.15022,$$,55104
5aiJhs_lp17vXSzk79vrAw,Basil Cafe Thai Cuisine,85,4.5,44.95602,-93.12498,$$,55103
dQLZ1yutkYdVT80w9T99nw,Ngon Vietnamese Bistro,300,3.5,44.95597,-93.13382,$$,55104
3v6KaKImudiDviXzqk80sg,Sole Café,120,4.0,44.96168,-93.16682,$$,55104
cXUbOTmMnK2pkFSxNz_UEA,Punch Neapolitan Pizza - Roseville,13,4.0,45.01538,-93.17453,,55113
4QWDvhldEOcqLwZxn3ieig,Karta Thai,15,4.0,45.01227,-93.17946,,55113
VfnH41xPQiGYqqGSL2j1bw,Chickpea Hummus Bar,13,4.0,45.01264,-93.17227,$$,55113
PUVFGs5IFmDXAGhRRbsGJQ,Hook Fish & Chicken,26,3.5,44.95534,-93.12512,$,55103
Oy45JndjDSlOl2Jg-ZjXgQ,Pinoy Fusion,9,4.0,44.95605,-93.13345,,55104
Mshpl-moUUSFQskzRuXJbQ,Hotpot 7,48,2.5,45.00556,-93.16508,$$,55113
4yB93SSxCEd7K2FAlny5NA,Firehouse Subs,32,3.0,45.00478,-93.16757,$,55113
KT4Is4077wKcpc71AOqeNQ,Hunter Boy's BBQ,11,4.0,44.97278,-93.10571,,55117
b9mgHFzau98qn0uhw9mJAQ,Zooper Food,2,3.5,44.98106,-93.14794,,55103
Dpgd3aCEXujyAT44uoqodg,Hardee's,41,3.0,44.95245,-93.15769,$,55104
zx0rwOXk7kBZ_SWTYVWRkA,Chick-fil-A,18,3.5,45.00429,-93.16576,,55113
ZiVY7_L5ARnEVkEJPNRTVg,WaZoBia Food and Pastry,3,4.5,44.99355,-93.15194,,55113
4cbxv7-SnHaDnm1MMsqbtg,Panera Bread,68,2.5,45.013,-93.16971,$$,55113
U-q-ZbfscQvrJwUizg57bQ,Augustine's,110,4.0,44.9463,-93.17122,$$,55104
mZLgEL5nBb5DODDIMYdUuw,Asian Fusion Kitchen,5,5.0,44.99285,-93.10422,,55113
Oi448x8PWE8N78AmFqTd_w,iPierogi,9,4.5,44.94768,-93.29538,,55408
Ijhs_R_6xrC-V24SRGPraA,Sumo & Smoh Interactive Dining,2,5.0,44.98883,-93.157,,55108
d1XT4SJJkHLDUCDd3nvx-w,Momma Rose Soul Food,4,5.0,44.95514,-93.12496,$$,55125
tpcr0kkBxJIOtELfdvvzxQ,Quiznos,24,3.0,45.01179,-93.1776,$,55113
wODvblm2PO5Dpe3UYk5NcA,Cajun Kitchen,10,4.0,44.95532,-93.15831,,55104
KMDX2nDX4U3di87SPEzkuA,Chick N' Chips,8,4.0,44.9701,-93.10558,$,55117
_51JQ5Kxa1USoIC1QpFJYA,Ninja Sushi,17,3.0,44.96773,-93.10623,,55117
zxSJ_Iwt8XkysdD0eX-qZg,Smok'n BBQ Outdoors,4,5.0,45.01098,-93.10622,,55113
Mfiyw4WQTEDYaQtEydMLbg,Frank's Levee Tavern,7,4.5,44.94358,-93.10414,,55102
P4Rr3H_dtqOQJrlYfM8x2Q,Nordic Waffle,9,4.0,45.01297,-93.17154,,55113
3VnlzIfwjWpka8fZsfYwMg,South China Island Inn II,16,4.0,44.98409,-93.10538,$,55117
WCrCMwWSjIp_kuAPbjsgvQ,Perkins Restaurant & Bakery,42,2.5,45.00661,-93.16277,$$,55113
6PkLFuXxe15TCQAH-38F6g,Hmoob Kitchen at Hmongtown Marketplace,6,4.5,44.96136,-93.10961,$,55103
1KFMr14bdvZBI2ariJRJBA,Papa Murphy's,9,3.0,44.99455,-93.14659,$,55113
TBjGIeKGrFlQqGGY3b3wKg,Grand Ole Creamery & Grand Pizzeria,6,4.5,45.01275,-93.17035,,55113
1QZ3p6DoMei3zg2dlpE3cg,Toppers Pizza,39,2.0,44.99185,-93.16506,,55113
y9O1bAQxeApbqe1TLRY9mw,Snelling Cafe,9,4.0,44.96041,-93.16675,,55104
xJKNWg6jzDtxdMa5Ca3OVw,GusGus,4,5.0,44.94547,-93.18721,,55104
ZHrBzdlhVcot9PNVVYdY4A,Leeann Chin,25,3.0,45.00275,-93.16294,$,55113
Wpj0XcDOnbmLREpMFEvGkg,Erbert and Gerbert's Sandwich Shop,13,3.5,44.97475,-93.1947,$,55108
4loPthDLoftp8eI_Tx6SWA,D&j Fish and Chicken,13,3.5,44.99238,-93.10451,$,55113
LOzI84wMqy-lFftKCDF3EQ,Pizza Man,3,4.0,44.99279,-93.14551,,55113
wo5T0hW_D0HEGCtl-qN2kA,Minnehaha Grocery Store,7,4.5,44.9626,-93.17702,$$,55104
gHB8_pdcIUbsVieCQtXLnw,Papa Johns Pizza,11,2.0,44.99272,-93.14785,$,55113
0HTZ8wfScMmVgKfmdbwe4Q,Mr. Papaya Kitchen at Hmongtown Marketplace,3,5.0,44.96147,-93.109,$,55103
rInKEdhCggS4pytGWQzMSA,The Cajun House,80,3.5,44.97221,-93.22004,$$,55414
Zkn4BRbBChR5haPS8hGn9A,Caffè Biaggio,140,4.0,44.96328,-93.19704,$$,55114
xy0Py_x3DvG-sbkyQG-cnw,Bruegger's Bagels,22,4.0,44.97341,-93.22739,$,55414
O9inUqkM7ybA9XMWPZglcg,Roti,21,4.0,44.97331,-93.22955,,55414
wPblCcFNLmETN_RO0v7xxw,Tony's Diner,94,3.5,44.98099,-93.23666,$,55414
zOOTXpQY3kDczVW47Y5ObA,CRISP & GREEN - Dinkytown,27,4.5,44.98102,-93.23566,$$,55411
3bcd4e_ijf0NTYmJd5LA1w,Gray's,79,3.0,44.98043,-93.23625,$$,55414
